Club;Nation;League;Type;Formation A;Formation B;Financial;UCL_Qual;UEFA_Cup_Qual;Intertoto_Qual;Manager;WealthRating_1_10;Stadium;Capacity;Team colour main 1;Team colour main 2;Away colour 1;Away colour 2
AaB;Denmark;Superliga;A;442;442;;No;No;Yes;Unknown (1997);3;Aalborg Portland Park;13800.0;Red;White;Black;White
Aachen;Unknown;;;442;442;;No;No;No;Unknown (1997);3;Unknown;;;;;
Aalb. Chang;Denmark;;;442;442;;No;No;No;Unknown (1997);3;Unknown;;;;;
Aalborg Chang;Denmark;;;442;442;;No;No;No;Unknown (1997);3;Unknown;;;;;
Aalesund;Unknown;;;442;442;;No;No;No;Unknown (1997);3;Unknown;;;;;
Aalst;Unknown;;;442;442;;No;No;No;Unknown (1997);3;Unknown;;;;;
Aarau;Unknown;;;442;442;;No;No;No;Unknown (1997);3;Unknown;;;;;
Aarhus F.;Denmark;Superliga;A;442;442;;No;No;No;Unknown (1997);3;Ceres Park;19500.0;Green;Black;Black;Black
AB;Denmark;Superliga;A;442;442;;No;No;No;Unknown (1997);3;Gladsaxe Stadion;;Green;White;Red;Black
Aberdeen;Scotland;Premier League (Scotland);A;442;442;;No;No;No;Unknown (1997);3;Unknown;;;;;
Abilds ;Unknown;;;442;442;;No;No;No;Unknown (1997);3;Unknown;;;;;
Acadmica;Unknown;;;442;442;;No;No;No;Unknown (1997);3;Unknown;;;;;
Ache;Unknown;;;442;442;;No;No;No;Unknown (1997);3;Unknown;;;;;
Acireale;Unknown;;;442;442;;No;No;No;Unknown (1997);3;Unknown;;;;;
Admira Vienna;Unknown;;;442;442;;No;No;No;Unknown (1997);3;Unknown;;;;;
ADO Den Haag;Holland;;A;433;433;;No;No;No;Unknown (1997);3;Unknown;;;;;
AEK Athens;Greece;;A;442;442;;No;No;No;Unknown (1997);3;Unknown;;;;;
AEL Limassol;Greece;;A;442;442;;No;No;No;Unknown (1997);3;Unknown;;;;;
AGF;Denmark;Superliga;A;442;442;;No;Yes;No;Unknown (1997);3;Ceres Park;19500.0;White;Navy;Navy;White
AIK;Sweden;;;442;442;;No;No;No;Unknown (1997);3;Unknown;;;;;
Airdrie;Scotland;;;442;442;;No;No;No;Unknown (1997);3;Unknown;;;;;
Ajaccio;Unknown;;;442;442;;No;No;No;Unknown (1997);3;Unknown;;;;;
Ajax;Holland;Eredivision;A;433;343;;Yes;No;No;Morten Olsen;8;Amsterdam ArenA;51000;Red;White;Navy;Red
Al Jahra;Unknown;;;442;442;;No;No;No;Unknown (1997);3;Unknown;;;;;
Al Shabab;Unknown;;;442;442;;No;No;No;Unknown (1997);3;Unknown;;;;;
Alaves;Spain;Segunda Division;;442;442;;No;No;No;Unknown (1997);5;Generic Stadium;;;;;
Albacete;Spain;Segunda Division;;442;442;;No;No;No;Unknown (1997);5;Generic Stadium;;;;;
Albion Rovers;Scotland;;;442;442;;No;No;No;Unknown (1997);3;Unknown;;;;;
Alessandria;Unknown;;;442;442;;No;No;No;Unknown (1997);3;Unknown;;;;;
lgrd;Unknown;;;442;442;;No;No;No;Unknown (1997);3;Unknown;;;;;
Alloa;Scotland;;;442;442;;No;No;No;Unknown (1997);3;Unknown;;;;;
Almeria;Unknown;;;442;442;;No;No;No;Unknown (1997);3;Unknown;;;;;
Alta;Unknown;;;442;442;;No;No;No;Unknown (1997);3;Unknown;;;;;
Altay Izmir;Unknown;;;442;442;;No;No;No;Unknown (1997);3;Unknown;;;;;
Alverca;Unknown;;;442;442;;No;No;No;Unknown (1997);3;Unknown;;;;;
Alzano;Unknown;;;442;442;;No;No;No;Unknown (1997);3;Unknown;;;;;
America de Cali;Unknown;;;442;442;;No;No;No;Unknown (1997);3;Unknown;;;;;
America;Unknown;;;442;442;;No;No;No;Unknown (1997);3;Unknown;;;;;
Amiens;Unknown;;;442;442;;No;No;No;Unknown (1997);3;Unknown;;;;;
Ancona;Unknown;;;442;442;;No;No;No;Unknown (1997);3;Unknown;;;;;
ndalsnes;Unknown;;;442;442;;No;No;No;Unknown (1997);3;Unknown;;;;;
Anderlecht;Belgium;;A;442;442;;No;No;No;Unknown (1997);3;Unknown;;;;;
Angers;France;;;442;442;;No;No;No;Unknown (1997);3;Unknown;;;;;
Ankara;Turkey;;;442;442;;No;No;No;Unknown (1997);3;Unknown;;;;;
Anorthosis Famagusta;Unknown;;;442;442;;No;No;No;Unknown (1997);3;Unknown;;;;;
Antalyaspor;Turkey;;;442;442;;No;No;No;Unknown (1997);3;Unknown;;;;;
Antwerp;Belgium;;A;442;442;;No;No;No;Unknown (1997);3;Unknown;;;;;
Apoel Nicosia;Greece;;;442;442;;No;No;No;Unknown (1997);3;Unknown;;;;;
Apollon K;Greece;;;442;442;;No;No;No;Unknown (1997);3;Unknown;;;;;
Apollon L;Greece;;;442;442;;No;No;No;Unknown (1997);3;Unknown;;;;;
Apolonia Fier;Greece;;;442;442;;No;No;No;Unknown (1997);3;Unknown;;;;;
Ararat;Unknown;;;442;442;;No;No;No;Unknown (1997);3;Unknown;;;;;
Arbroath;Scotland;;;442;442;;No;No;No;Unknown (1997);3;Unknown;;;;;
Arsenal;England;Premier League;A;442;442;;No;No;No;Arsene Wenger;8;Highbury;38419.0;Red;White;Yellow;Blue
rvoll;Unknown;;;442;442;;No;No;No;Unknown (1997);3;Unknown;;;;;
sane;Unknown;;;442;442;;No;No;No;Unknown (1997);3;Unknown;;;;;
Ascoli;Italy;;;442;442;;No;No;No;Unknown (1997);3;Unknown;;;;;
Ascona;Unknown;;;442;442;;No;No;No;Unknown (1997);3;Unknown;;;;;
Asmaral Moscow;Unknown;;;442;442;;No;No;No;Unknown (1997);3;Unknown;;;;;
ssiden;Unknown;;;442;442;;No;No;No;Unknown (1997);3;Unknown;;;;;
Aston Villa;England;Premier League;A;442;442;;No;No;No;John Gregory;8;Generic Stadium;;Claret;Blue;White;Black
At.Celaya;Unknown;;;442;442;;No;No;No;Unknown (1997);3;Unknown;;;;;
Atalanta;Italy;Serie A;A;442;442;;No;No;No;Emiliano Mondonico;6;Stadio Atleti Azzurri d'Italia;26542;Blue;Black;White;Black
Athletic Bilbao B;Spain;;B;442;442;;No;No;No;Unknown (1997);7;Generic Stadium;;;;;
Athletic Bilbao;Spain;La Liga;A;442;442;;No;No;No;Unknown (1997);7;San Mames;39750;Red;Black;Navy;White
Atl.Catania;Unknown;;;442;442;;No;No;No;Unknown (1997);3;Unknown;;;;;
Atlas;Unknown;;;442;442;;No;No;No;Unknown (1997);3;Unknown;;;;;
Atlet.Nacional;Unknown;;;442;442;;No;No;No;Unknown (1997);3;Unknown;;;;;
Atletico Madrid B;Spain;;B;442;442;;No;No;No;Unknown (1997);7;Generic Stadium;;Red;White;;
Atletico Madrid;Spain;La Liga;A;442;442;;No;No;No;Unknown (1997);7;Vicente Calderon;55005;Red;Blue;Navy;Navy
Atletico Mineiro;Unknown;;;442;442;;No;No;No;Unknown (1997);3;Unknown;;Red;White;;
tvidaberg;Unknown;;;442;442;;No;No;No;Unknown (1997);3;Unknown;;;;;
August First;Unknown;;;442;442;;No;No;No;Unknown (1997);3;Unknown;;;;;
Austria Salzburg;Austria;;;442;442;;No;No;No;Unknown (1997);3;Unknown;;;;;
Austria Vienna;Austria;;;442;442;;No;No;No;Unknown (1997);3;Unknown;;;;;
Auxerre;France;;;442;442;;No;No;No;Unknown (1997);3;Stade de l'Abbe-Deschamps;21379.0;;;;
Avarta;Unknown;;;442;442;;No;No;No;Unknown (1997);3;Unknown;;;;;
Avellino;Unknown;;;442;442;;No;No;No;Unknown (1997);3;Unknown;;;;;
Avenir Beggen;Unknown;;;442;442;;No;No;No;Unknown (1997);3;Unknown;;;;;
Aves;Unknown;;;442;442;;No;No;No;Unknown (1997);3;Unknown;;;;;
Avezzano;Unknown;;;442;442;;No;No;No;Unknown (1997);3;Unknown;;;;;
Aviles;Unknown;;;442;442;;No;No;No;Unknown (1997);3;Unknown;;;;;
Avispa Fukuoka;Unknown;;;442;442;;No;No;No;Unknown (1997);3;Unknown;;;;;
Ayr U;Scotland;;;442;442;;No;No;No;Unknown (1997);3;Unknown;;;;;
Ayr Utd;Scotland;;;442;442;;No;No;No;Unknown (1997);3;Unknown;;;;;
AZ;Holland;;;442;442;;No;No;No;Unknown (1997);3;Unknown;;;;;
B 1908;Denmark;;;442;442;;No;No;No;Unknown (1997);3;Unknown;;;;;
B 1909;Denmark;;;442;442;;No;No;No;Unknown (1997);3;Unknown;;;;;
B 1913;Denmark;;;442;442;;No;No;No;Unknown (1997);3;Unknown;;;;;
B 93;Denmark;;;442;442;;No;No;No;Unknown (1997);3;Unknown;;;;;
B68;Unknown;;;442;442;;No;No;No;Unknown (1997);3;Unknown;;;;;
Badajoz;Spain;Segunda Division;;442;442;;No;No;No;Unknown (1997);5;Generic Stadium;;;;;
Brum;Unknown;;;442;442;;No;No;No;Unknown (1997);3;Unknown;;;;;
Bahia;Unknown;;;442;442;;No;No;No;Unknown (1997);3;Unknown;;;;;
Balestier;Unknown;;;442;442;;No;No;No;Unknown (1997);3;Unknown;;;;;
Baltika Kaliningrad;Unknown;;;442;442;;No;No;No;Unknown (1997);3;Unknown;;;;;
Banik Ostrava;Unknown;;;442;442;;No;No;No;Unknown (1997);3;Unknown;;;;;
Barakaldo;Unknown;;;442;442;;No;No;No;Unknown (1997);3;Unknown;;;;;
Barcelona B;Spain;;B;442;442;;No;No;No;Unknown (1997);7;Camp Nou;;;;;
FC Barcelona;Spain;La Liga;A;433;433;;No;No;No;Unknown (1997);10;Camp Nou;98772;Red;Blue;Orange;Blue
Bari;Italy;Serie A;A;442;442;;No;No;No;Eugenio Fascetti;7;Stadio San Nicola;58270;White;White;Red;White
Barnet;England;Football League Division Three;;442;442;;No;No;No;Unknown (1997);3;Unknown;;;;;
Barnsley;England;Premier League;;442;442;;No;No;No;Unknown (1997);8;Oakwell;23187.0;Red;White;Yellow;Black
Barry Town;Unknown;;;442;442;;No;No;No;Unknown (1997);3;Unknown;;;;;
Barry;Unknown;;;442;442;;No;No;No;Unknown (1997);3;Unknown;;;;;
Basel;Unknown;;;442;442;;No;No;No;Unknown (1997);3;Unknown;;;;;
Bastia;France;;;442;442;;No;No;No;Unknown (1997);3;Unknown;;;;;
Battipagliese;Unknown;;;442;442;;No;No;No;Unknown (1997);3;Unknown;;;;;
Bayern Munich;Germany;Bundesliga;;442;442;;No;No;No;Unknown (1997);10;Olympiastadion;63000.0;;;;
Beauvais;Unknown;;;442;442;;No;No;No;Unknown (1997);3;Unknown;;;;;
Beerschot;Unknown;;;442;442;;No;No;No;Unknown (1997);3;Unknown;;;;;
Beijing;China;;;442;442;;No;No;No;Unknown (1997);3;Unknown;;;;;
Beira Mar;Unknown;;;442;442;;No;No;No;Unknown (1997);3;Unknown;;;;;
Beitar Jerusalem;Israel;;;442;442;;No;No;No;Unknown (1997);3;Unknown;;;;;
Beja;Unknown;;;442;442;;No;No;No;Unknown (1997);3;Unknown;;;;;
Bekescsaba;Unknown;;;442;442;;No;No;No;Unknown (1997);3;Unknown;;;;;
Belenenses;Unknown;;;442;442;;No;No;No;Unknown (1997);3;Unknown;;;;;
Belisce;Unknown;;;442;442;;No;No;No;Unknown (1997);3;Unknown;;;;;
Bellmare Hiratsuku;Unknown;;;442;442;;No;No;No;Unknown (1997);3;Unknown;;;;;
Beltinci;Unknown;;;442;442;;No;No;No;Unknown (1997);3;Unknown;;;;;
Benfica;Portugal;;A;442;442;;No;No;No;Unknown (1997);3;Unknown;;;;;
Bergen;Norway;;;442;442;;No;No;No;Unknown (1997);3;Unknown;;;;;
Berlin;Germany;;;442;442;;No;No;No;Unknown (1997);3;Unknown;;;;;
Berwick;Unknown;;;442;442;;No;No;No;Unknown (1997);3;Unknown;;;;;
Besiktas;Turkey;;;442;442;;No;No;No;Unknown (1997);3;Unknown;;;;;
Real Betis;Spain;La Liga;;442;442;;No;No;No;Unknown (1997);7;Benito Villamarin;52132;Green;White;Green;Black
Beveren;Unknown;;;442;442;;No;No;No;Unknown (1997);3;Unknown;;;;;
Bielefeld;Germany;Bundesliga;;442;442;;No;No;No;Unknown (1997);7;Generic Stadium;;;;;
Birker?d;Unknown;;;442;442;;No;No;No;Unknown (1997);3;Unknown;;;;;
Birkirkara;Unknown;;;442;442;;No;No;No;Unknown (1997);3;Unknown;;;;;
Birmingham;England;Football League Division One;A;442;442;;No;No;No;Trevor Francis;3;Unknown;;;;;
Blackburn;England;Premier League;A;442;442;;No;No;No;Roy Hodgson;8;Ewood Park;31367.0;Blue;White;Red;Black
Blackpool;England;Football League Division Two;A;442;442;;No;No;No;Unknown (1997);3;Unknown;;;;;
Boavista FC;Unknown;;;442;442;;No;No;No;Unknown (1997);3;Unknown;;;;;
Boavista;Unknown;;;442;442;;No;No;No;Unknown (1997);3;Unknown;;;;;
Boca Juniors;Unknown;;A;442;442;;No;No;No;Unknown (1997);3;Unknown;;;;;
Bocholt;Unknown;;;442;442;;No;No;No;Unknown (1997);3;Unknown;;;;;
Bochum;Germany;Bundesliga;;442;442;;No;No;No;Unknown (1997);7;Generic Stadium;;;;;
Bod?-Glimt;Norway;;;442;442;;No;No;No;Unknown (1997);3;Unknown;;;;;
Bolivar;Unknown;;;442;442;;No;No;No;Unknown (1997);3;Unknown;;;;;
Bologna;Italy;Serie A;A;442;442;;No;No;Yes;Renzo Ulivieri;7;Stadio Renato Dall'Ara;38279;Red;Blue;White;Blue
Bolton;England;Premier League;;442;442;;No;No;No;Unknown (1997);8;Reebok Stadium;28723.0;White;Blue;Yellow;Blue
Boom;Unknown;;;442;442;;No;No;No;Unknown (1997);3;Unknown;;;;;
Bordeaux;France;;;442;442;;No;No;No;Unknown (1997);3;Unknown;;;;;
Borisfen Borispol;Unknown;;;442;442;;No;No;No;Unknown (1997);3;Unknown;;;;;
Borussia MGB;Germany;;A;442;442;;No;No;No;Unknown (1997);3;Unknown;;;;;
Botafogo;Unknown;;;442;442;;No;No;No;Unknown (1997);3;Unknown;;;;;
Botev Plovdiv;Unknown;;;442;442;;No;No;No;Unknown (1997);3;Unknown;;;;;
Bournemouth;England;Football League Division Two;A;442;442;;No;No;No;Unknown (1997);3;Unknown;;;;;
Bradford;England;Football League Division One;;442;442;;No;No;No;Paul Jewell;3;Unknown;;;;;
Braga;Portugal;;;442;442;;No;No;No;Unknown (1997);3;Unknown;;;;;
Brage;Portugal;;;442;442;;No;No;No;Unknown (1997);3;Unknown;;;;;
Brann;Norway;;;442;442;;No;No;No;Unknown (1997);3;Unknown;;;;;
Break;Unknown;;;442;442;;No;No;No;Unknown (1997);3;Unknown;;;;;
Brechin;Unknown;;A;442;442;;No;No;No;Unknown (1997);3;Unknown;;;;;
Brentford;England;Football League Division Two;A;442;442;;No;No;No;Unknown (1997);3;Unknown;;;;;
Brescello;Unknown;;;442;442;;No;No;No;Unknown (1997);3;Unknown;;;;;
Brescia;Italy;Serie A;A;442;442;;No;No;No;Edigio Salvi;5;Stadio Mario Rigamonti;16308;Blue;Blue;White;Blue
Brest;Unknown;;;442;442;;No;No;No;Unknown (1997);3;Unknown;;;;;
Brighton;England;Football League Division Three;A;442;442;;No;No;No;Unknown (1997);3;Unknown;;;;;
Bristol C;England;;A;442;442;;No;No;No;Unknown (1997);3;Unknown;;;;;
Bristol City;England;Football League Division Two;A;442;442;;No;No;No;Unknown (1997);3;Unknown;;;;;
Bristol R;England;;A;442;442;;No;No;No;Unknown (1997);3;Unknown;;;;;
Brommapojkarna;Sweden;;A;442;442;;No;No;No;Unknown (1997);3;Unknown;;;;;
Br ndby;Denmark;Superliga;A;442;442;;No;No;No;Unknown (1997);3;Br ndby Stadion;;Yellow;Blue;Purple;White
Br?nsh?j;Unknown;;;442;442;;No;No;No;Unknown (1997);3;Unknown;;;;;
Brummel Sendai;Unknown;;;442;442;;No;No;No;Unknown (1997);3;Unknown;;;;;
Brumunddal;Unknown;;;442;442;;No;No;No;Unknown (1997);3;Unknown;;;;;
Bryne;Unknown;;;442;442;;No;No;No;Unknown (1997);3;Unknown;;;;;
Burgos;Unknown;;;442;442;;No;No;No;Unknown (1997);3;Unknown;;;;;
Burnley;England;Football League Division Two;;442;442;;No;No;No;Unknown (1997);3;Unknown;;;;;
Bursaspor;Turkey;;;442;442;;No;No;No;Unknown (1997);3;Unknown;;;;;
Bury;England;Football League Division One;;442;442;;No;No;No;Unknown (1997);3;Unknown;;;;;
BVSC Dreher;Unknown;;;442;442;;No;No;No;Unknown (1997);3;Unknown;;;;;
BVSC;Unknown;;;442;442;;No;No;No;Unknown (1997);3;Unknown;;;;;
Bysen;Unknown;;;442;442;;No;No;No;Unknown (1997);3;Unknown;;;;;
Cacereno;Unknown;;;442;442;;No;No;No;Unknown (1997);3;Unknown;;;;;
Cadiz;France;;;442;442;;No;No;No;Unknown (1997);3;Unknown;;;;;
Caen;France;;;442;442;;No;No;No;Unknown (1997);3;Unknown;;;;;
Cagliari;Italy;;;442;442;;No;No;No;Unknown (1997);3;Unknown;;;;;
Caldas;France;;;442;442;;No;No;No;Unknown (1997);3;Unknown;;;;;
Cambridge U;England;Football League Division Three;;442;442;;No;No;No;Unknown (1997);3;Unknown;;;;;
Cambridge Utd;England;Football League Division Three;;442;442;;No;No;No;Unknown (1997);3;Unknown;;;;;
Cambridge;England;Football League Division Three;;442;442;;No;No;No;Unknown (1997);3;Unknown;;;;;
Cambuur;France;;;442;442;;No;No;No;Unknown (1997);3;Unknown;;;;;
Campomaiorense;Unknown;;;442;442;;No;No;No;Unknown (1997);3;Unknown;;;;;
Canakkale;Unknown;;;442;442;;No;No;No;Unknown (1997);3;Unknown;;;;;
Cannes;France;;;442;442;;No;No;No;Unknown (1997);3;Unknown;;;;;
Canone Yaounde;Unknown;;;442;442;;No;No;No;Unknown (1997);3;Unknown;;;;;
Cardiff C;England;Football League Division Three;;442;442;;No;No;No;Unknown (1997);3;Unknown;;;;;
Cardiff;England;Football League Division Three;;442;442;;No;No;No;Unknown (1997);3;Unknown;;;;;
Carlisle;England;Football League Division Two;;442;442;;No;No;No;Unknown (1997);3;Unknown;;;;;
Carpi;Italy;;;442;442;;No;No;No;Unknown (1997);3;Unknown;;;;;
Carrarese;Unknown;;;442;442;;No;No;No;Unknown (1997);3;Unknown;;;;;
Casarano;Unknown;;;442;442;;No;No;No;Unknown (1997);3;Unknown;;;;;
Casino Salzburg;Unknown;;;442;442;;No;No;No;Unknown (1997);3;Unknown;;;;;
Castel di Sangro;Unknown;;;442;442;;No;No;No;Unknown (1997);3;Unknown;;;;;
Castel di Sangro;Unknown;;;442;442;;No;No;No;Unknown (1997);3;Unknown;;;;;
Caudal;Unknown;;;442;442;;No;No;No;Unknown (1997);3;Unknown;;;;;
Celta Vigo;Spain;La Liga;;442;442;;No;No;No;Unknown (1997);7;Balaidos;32500;Light Blue;White;Black;Black
Celtic;Scotland;Premier League (Scotland);;442;442;;No;No;No;Unknown (1997);3;Unknown;;Green;White;;
Cercle Brugge;Belgium;;;442;442;;No;No;No;Unknown (1997);3;Unknown;;;;;
Cercle Maasmechelen;Unknown;;;442;442;;No;No;No;Unknown (1997);3;Unknown;;;;;
Cerezo Osaka;Unknown;;;442;442;;No;No;No;Unknown (1997);3;Unknown;;;;;
Cerro Porteno;Unknown;;;442;442;;No;No;No;Unknown (1997);3;Unknown;;;;;
Cesena;Italy;;;442;442;;No;No;No;Unknown (1997);3;Unknown;;;;;
CF Belenenses;Unknown;;;442;442;;No;No;No;Unknown (1997);3;Unknown;;;;;
Charleroi;Belgium;;;442;442;;No;No;No;Unknown (1997);3;Unknown;;;;;
Charleville;Unknown;;;442;442;;No;No;No;Unknown (1997);3;Unknown;;;;;
Charlton;England;Football League Division One;;442;442;;No;No;No;Alan Curbishley;3;The Valley;15815.0;;;;
Chteauroux;Unknown;;;442;442;;No;No;No;Unknown (1997);3;Unknown;;;;;
Chaves;Unknown;;;442;442;;No;No;No;Unknown (1997);3;Unknown;;;;;
Chelsea;England;Premier League;;442;442;;No;No;No;Gianluca Vialli;8;Stamford Bridge;34997.0;Blue;Blue;Yellow;Blue
Chemnitz;Unknown;;;442;442;;No;No;No;Unknown (1997);3;Unknown;;;;;
Chernomorets Odessa;Unknown;;;442;442;;No;No;No;Unknown (1997);3;Unknown;;;;;
Chester;England;Football League Division Three;;442;442;;No;No;No;Unknown (1997);3;Unknown;;;;;
Chesterfield;England;Football League Division Two;;442;442;;No;No;No;Unknown (1997);3;Unknown;;;;;
Chievo;Italy;;;442;442;;No;No;No;Unknown (1997);3;Unknown;;;;;
Club Brugge;Belgium;;A;442;442;;No;No;No;Unknown (1997);3;Unknown;;;;;
Clyde;Scotland;;;442;442;;No;No;No;Unknown (1997);3;Unknown;;;;;
Clydebank;Scotland;;;442;442;;No;No;No;Unknown (1997);3;Unknown;;;;;
CNPS Yaounde;Unknown;;;442;442;;No;No;No;Unknown (1997);3;Unknown;;;;;
Cobreloa;Unknown;;;442;442;;No;No;No;Unknown (1997);3;Unknown;;;;;
Colchester;England;Football League Division Three;;442;442;;No;No;No;Unknown (1997);3;Unknown;;;;;
Coleraine;Unknown;;;442;442;;No;No;No;Unknown (1997);3;Unknown;;;;;
Colo Colo;Unknown;;;442;442;;No;No;No;Unknown (1997);3;Unknown;;;;;
Cologne;France;;;442;442;;No;No;No;Unknown (1997);3;Unknown;;;;;
Coln;Unknown;;;442;442;;No;No;No;Unknown (1997);3;Unknown;;;;;
Columbus Crew;USA;;;442;442;;No;No;No;Unknown (1997);3;Unknown;;;;;
Columbus;USA;;;442;442;;No;No;No;Unknown (1997);3;Unknown;;;;;
Como;Unknown;;;442;442;;No;No;No;Unknown (1997);3;Unknown;;;;;
Compostela;Spain;La Liga;;442;442;;No;No;No;Unknown (1997);7;San Lazaro;12000;Light Blue;White;White;Black
Cordoba;Unknown;;;442;442;;No;No;No;Unknown (1997);3;Unknown;;;;;
Corinthians;Unknown;;;442;442;;No;No;No;Unknown (1997);3;Unknown;;;;;
Coritiba;Unknown;;;442;442;;No;No;No;Unknown (1997);3;Unknown;;;;;
Cosenza;Unknown;;;442;442;;No;No;No;Unknown (1997);3;Unknown;;;;;
Cottbus;Germany;2. Bundesliga;;442;442;;No;No;No;Unknown (1997);7;Generic Stadium;;;;;
Coventry;England;Premier League;A;442;442;;No;No;No;Unknown (1997);8;Generic Stadium;;Light Blue;Navy;Blue;Black
Cowdenbeath;Unknown;;;442;442;;No;No;No;Unknown (1997);3;Unknown;;;;;
Cremonese;Italy;;;442;442;;No;No;No;Unknown (1997);3;Unknown;;;;;
Crteil;Unknown;;;442;442;;No;No;No;Unknown (1997);3;Unknown;;;;;
Crewe;England;Football League Division One;A;442;442;;No;No;No;Unknown (1997);3;Unknown;;;;;
Cruz Azul;Unknown;;A;442;442;;No;No;No;Unknown (1997);3;Unknown;;;;;
Cruzeiro;Unknown;;;442;442;;No;No;No;Unknown (1997);3;Unknown;;;;;
Crystal Palace;England;Premier League;A;442;442;;No;No;No;Unknown (1997);8;Selhurst Park;26309.0;Red;Blue;White;White
CSKA Moscow;Russia;;A;442;442;;No;No;No;Unknown (1997);3;Unknown;;;;;
CSKA Sofia;Russia;;A;442;442;;No;No;No;Unknown (1997);3;Unknown;;;;;
Cultural Leonesa;Unknown;;;442;442;;No;No;No;Unknown (1997);3;Unknown;;;;;
Dac Dunajska Streda;Unknown;;;442;442;;No;No;No;Unknown (1997);3;Unknown;;;;;
Dalian;Unknown;;;442;442;;No;No;No;Unknown (1997);3;Unknown;;;;;
Dallas Burn;USA;;;442;442;;No;No;No;Unknown (1997);3;Unknown;;;;;
Danubio;Unknown;;;442;442;;No;No;No;Unknown (1997);3;Unknown;;;;;
Darlington;England;Football League Division Three;;442;442;;No;No;No;Unknown (1997);3;Unknown;;;;;
Darmstadt;Germany;;;442;442;;No;No;No;Unknown (1997);3;Unknown;;;;;
DC United;USA;;A;442;442;;No;No;No;Unknown (1997);3;Unknown;;;;;
De Graafschap;Holland;Eredivision;A;442;532;;No;No;No;Fritz Korbach;2;De Vijverberg;12500;Blue;White;Yellow;Blue
Defensor Sporting;Unknown;;;442;442;;No;No;No;Unknown (1997);3;Unknown;;;;;
Degerfors;Sweden;;;442;442;;No;No;No;Unknown (1997);3;Unknown;;;;;
Deinze;Unknown;;;442;442;;No;No;No;Unknown (1997);3;Unknown;;;;;
Den Bosch;Unknown;;A;442;442;;No;No;No;Unknown (1997);3;Unknown;;;;;
Denderhoutem;Unknown;;;442;442;;No;No;No;Unknown (1997);3;Unknown;;;;;
Denderleeuw;Unknown;;;442;442;;No;No;No;Unknown (1997);3;Unknown;;;;;
Dep.Municipal;Unknown;;;442;442;;No;No;No;Unknown (1997);3;Unknown;;;;;
Dep.Sipesa;Unknown;;;442;442;;No;No;No;Unknown (1997);3;Unknown;;;;;
Deportivo B;Spain;;;442;442;;No;No;No;Unknown (1997);7;Generic Stadium;;;;;
Deportivo Cali;Spain;;B;442;442;;No;No;No;Unknown (1997);7;Riazor;34600;Blue;Blue;White;Blue
Deportivo;Spain;La Liga;;442;442;;No;No;No;Unknown (1997);7;Riazor;34600;Blue;Blue;White;Blue
Derby;England;Premier League;;442;442;;No;No;No;Unknown (1997);8;Pride Park;33997.0;White;Black;Yellow;Blue
Dessel;Unknown;;;442;442;;No;No;No;Unknown (1997);3;Unknown;;;;;
Diest;Unknown;;;442;442;;No;No;No;Unknown (1997);3;Unknown;;;;;
Dinamo Bucharest;Unknown;;;442;442;;No;No;No;Unknown (1997);3;Unknown;;;;;
Dinamo Kiev;Unknown;;A;442;442;;No;No;No;Unknown (1997);3;Unknown;;;;;
Dinamo Minsk;Unknown;;;442;442;;No;No;No;Unknown (1997);3;Unknown;;;;;
Dinamo Moscow;Unknown;;A;442;442;;No;No;No;Unknown (1997);3;Unknown;;;;;
Dinamo Tblisi;Unknown;;A;442;442;;No;No;No;Unknown (1997);3;Unknown;;;;;
Dinamo Tirana;Unknown;;A;442;442;;No;No;No;Unknown (1997);3;Unknown;;;;;
Djurgarden;Sweden;;;442;442;;No;No;No;Unknown (1997);3;Unknown;;;;;
Dnepr;Unknown;;;442;442;;No;No;No;Unknown (1997);3;Unknown;;;;;
Doncaster;England;Football League Division Three;A;442;442;;No;No;No;Unknown (1997);3;Unknown;;;;;
Dordrecht '90;Unknown;;;442;442;;No;No;No;Unknown (1997);3;Unknown;;;;;
Dortmund;Germany;Bundesliga;A;442;442;;No;No;No;Unknown (1997);7;Generic Stadium;;;;;
Drava;Unknown;;;442;442;;No;No;No;Unknown (1997);3;Unknown;;;;;
Dr?bak-Frogn;Unknown;;;442;442;;No;No;No;Unknown (1997);3;Unknown;;;;;
Duisburg;Germany;Bundesliga;;442;442;;No;No;No;Unknown (1997);7;Generic Stadium;;;;;
Dumbarton;Scotland;;;442;442;;No;No;No;Unknown (1997);3;Unknown;;;;;
Dundee U;Scotland;;;442;442;;No;No;No;Unknown (1997);3;Unknown;;;;;
Dundee Utd;Scotland;;;442;442;;No;No;No;Unknown (1997);3;Unknown;;;;;
Dundee;Scotland;;;442;442;;No;No;No;Unknown (1997);3;Unknown;;;;;
Dunfermline;Scotland;;;442;442;;No;No;No;Unknown (1997);3;Unknown;;;;;
Dunkerque;England;;;442;442;;No;No;No;Unknown (1997);3;Unknown;;;;;
Dsseldorf;Germany;;;442;442;;No;No;No;Unknown (1997);3;Unknown;;;;;
DVSC-Epona;Unknown;;;442;442;;No;No;No;Unknown (1997);3;Unknown;;;;;
East Fife;Unknown;;;442;442;;No;No;No;Unknown (1997);3;Unknown;;;;;
East Stirling;Scotland;;;442;442;;No;No;No;Unknown (1997);3;Unknown;;;;;
Ecija;Unknown;;;442;442;;No;No;No;Unknown (1997);3;Unknown;;;;;
Eeklo;Unknown;;;442;442;;No;No;No;Unknown (1997);3;Unknown;;;;;
Eendracht Aalst;Unknown;;;442;442;;No;No;No;Unknown (1997);3;Unknown;;;;;
Eibar;Spain;Segunda Division;;442;442;;No;No;No;Unknown (1997);5;Generic Stadium;;;;;
Eidsvold Turn;Unknown;;;442;442;;No;No;No;Unknown (1997);3;Unknown;;;;;
Eik-T?nsberg;Unknown;;;442;442;;No;No;No;Unknown (1997);3;Unknown;;;;;
Eindhoven VV;Holland;;;442;442;;No;No;No;Unknown (1997);3;Unknown;;;;;
Eindhoven;Holland;;;442;442;;No;No;No;Unknown (1997);3;Unknown;;;;;
Eintracht Trier;Unknown;;;442;442;;No;No;No;Unknown (1997);3;Unknown;;;;;
Ekranas;Unknown;;;442;442;;No;No;No;Unknown (1997);3;Unknown;;;;;
Elbasani;Unknown;;;442;442;;No;No;No;Unknown (1997);3;Unknown;;;;;
Elche;Spain;Segunda Division;;442;442;;No;No;No;Unknown (1997);5;Generic Stadium;;;;;
Elfsborg;Sweden;;;442;442;;No;No;No;Unknown (1997);3;Unknown;;;;;
Elverum;Unknown;;;442;442;;No;No;No;Unknown (1997);3;Unknown;;;;;
Emmen;Unknown;;;442;442;;No;No;No;Unknown (1997);3;Unknown;;;;;
Empoli;Italy;Serie A;A;442;442;;No;No;No;Luciano Spalletti;5;Stadio Carlo Castellani;19795;Blue;Blue;White;Blue
Enfield;Unknown;;;442;442;;No;No;No;Unknown (1997);3;Unknown;;;;;
EPA Larnaca;Unknown;;;442;442;;No;No;No;Unknown (1997);3;Unknown;;;;;
pinal;Unknown;;;442;442;;No;No;No;Unknown (1997);3;Unknown;;;;;
Esbjerg;Denmark;;;442;442;;No;No;No;Unknown (1997);3;Unknown;;;;;
Espanyol;Spain;La Liga;;442;442;;No;No;No;Unknown (1997);7;Estadi Olimpic de Montjuic;55926;Blue;White;Red;White
Esperance;Unknown;;;442;442;;No;No;No;Unknown (1997);3;Unknown;;;;;
Espinho;Unknown;;;442;442;;No;No;No;Unknown (1997);3;Unknown;;;;;
Estoril;Unknown;;;442;442;;No;No;No;Unknown (1997);3;Unknown;;;;;
Estrela Amadora;Unknown;;;442;442;;No;No;No;Unknown (1997);3;Unknown;;;;;
Estudiantes De La Plata;Unknown;;;442;442;;No;No;No;Unknown (1997);3;Unknown;;;;;
Estudiantes;Unknown;;;442;442;;No;No;No;Unknown (1997);3;Unknown;;;;;
Ethnikos;Unknown;;;442;442;;No;No;No;Unknown (1997);3;Unknown;;;;;
Etne;Unknown;;;442;442;;No;No;No;Unknown (1997);3;Unknown;;;;;
Everton C;England;;B;442;442;;No;No;No;Unknown (1997);8;Generic Stadium;;;;;
Everton;England;Premier League;A;442;442;;No;No;No;Howard Kendall;8;Goodison Park;40157.0;Blue;White;Yellow;Blue
Excelsior;Holland;;;442;442;;No;No;No;Unknown (1997);3;Unknown;;;;;
Exeter;England;Football League Division Three;;442;442;;No;No;No;Unknown (1997);3;Unknown;;;;;
Extremadura;Spain;Segunda Division;;442;442;;No;No;No;Unknown (1997);5;Generic Stadium;;;;;
F91 Dudelange;Unknown;;;442;442;;No;No;No;Unknown (1997);3;Unknown;;;;;
Faaberg;Unknown;;;442;442;;No;No;No;Unknown (1997);3;Unknown;;;;;
Falk;Unknown;;;442;442;;No;No;No;Unknown (1997);3;Unknown;;;;;
Falkenberg;Unknown;;;442;442;;No;No;No;Unknown (1997);3;Unknown;;;;;
Falkirk;Scotland;;;442;442;;No;No;No;Unknown (1997);3;Unknown;;;;;
Famagusta;Unknown;;;442;442;;No;No;No;Unknown (1997);3;Unknown;;;;;
Famalic?o;Unknown;;;442;442;;No;No;No;Unknown (1997);3;Unknown;;;;;
Fana;Unknown;;;442;442;;No;No;No;Unknown (1997);3;Unknown;;;;;
Farense;Unknown;;;442;442;;No;No;No;Unknown (1997);3;Unknown;;;;;
Fauske/Sprint;Unknown;;;442;442;;No;No;No;Unknown (1997);3;Unknown;;;;;
FBK Kaunas;Unknown;;;442;442;;No;No;No;Unknown (1997);3;Unknown;;;;;
FC Arges;Unknown;;;442;442;;No;No;No;Unknown (1997);3;Unknown;;;;;
FC Balzers;Unknown;;;442;442;;No;No;No;Unknown (1997);3;Unknown;;;;;
FC Barcelona B;Spain;;B;442;442;;No;No;No;Unknown (1997);7;;;;;;
FC Basel;Schwitserland;;;442;442;;No;No;No;Unknown (1997);3;Unknown;;;;;
FC Croatia;Unknown;;;442;442;;No;No;No;Unknown (1997);3;Unknown;;;;;
FC Dag Riga;Unknown;;;442;442;;No;No;No;Unknown (1997);3;Unknown;;;;;
FC Flora Tallinn;Unknown;;;442;442;;No;No;No;Unknown (1997);3;Unknown;;;;;
FC Jazz;Unknown;;;442;442;;No;No;No;Unknown (1997);3;Unknown;;;;;
FC K benhavn reserves;Denmark;;B;442;442;;No;No;No;Unknown (1997);3;Unknown;;;;;
FC Porto;Portugal;;;442;442;;No;No;No;Unknown (1997);3;Unknown;;;;;
FC Schaan;Unknown;;;442;442;;No;No;No;Unknown (1997);3;Unknown;;;;;
FC Tirol;Unknown;;;442;442;;No;No;No;Unknown (1997);3;Unknown;;;;;
FC Triesenberg;Unknown;;;442;442;;No;No;No;Unknown (1997);3;Unknown;;;;;
FC Twente;Holland;Eredivision;A;442;433;;No;No;Yes;Hans Meyer;2;Het Diekman / Arke Stadion;13500;Red;White;White;Red
FC Vaduz;Unknown;;;442;442;;No;No;No;Unknown (1997);3;Unknown;;;;;
FC Wiltz;Unknown;;;442;442;;No;No;No;Unknown (1997);3;Unknown;;;;;
FC Zurich;Schwitserland;;;442;442;;No;No;No;Unknown (1997);3;Unknown;;;;;
FC Zwolle;Holland;;;442;442;;No;No;No;Unknown (1997);3;Unknown;;;;;
Feirense;Unknown;;;442;442;;No;No;No;Unknown (1997);3;Unknown;;;;;
Felgueiras;Unknown;;;442;442;;No;No;No;Unknown (1997);3;Unknown;;;;;
Fenerbahce;Turkey;;;442;442;;No;No;No;Unknown (1997);3;Unknown;;;;;
Ferencvaros;Hungary;;;442;442;;No;No;No;Unknown (1997);3;Unknown;;;;;
Fermana;Unknown;;;442;442;;No;No;No;Unknown (1997);3;Unknown;;;;;
Ferrol;Unknown;;;442;442;;No;No;No;Unknown (1997);3;Unknown;;;;;
Feyenoord;Holland;Eredivision;A;433;442;;No;Yes;No;Leo Beenhakker;7;Stadion Feijenoord;51117;White;Black;Green;White
Fidelis Andria;Unknown;;;442;442;;No;No;No;Unknown (1997);3;Unknown;;;;;
Finnpa;Unknown;;;442;442;;No;No;No;Unknown (1997);3;Unknown;;;;;
Finnsnes;Unknown;;;442;442;;No;No;No;Unknown (1997);3;Unknown;;;;;
Fiorentina;Italy;Serie A;A;442;352;;No;Yes;No;Alberto Malesani;8;Stadio Artemio Franchi;47282;Purple;Purple;Yellow;Purple
Fiorenzuola;Unknown;;;442;442;;No;No;No;Unknown (1997);3;Unknown;;;;;
Flamengo;Unknown;;;442;442;;No;No;No;Unknown (1997);3;Unknown;;;;;
Flamurtari Vlora;Unknown;;;442;442;;No;No;No;Unknown (1997);3;Unknown;;;;;
Flekkefjord;Unknown;;;442;442;;No;No;No;Unknown (1997);3;Unknown;;;;;
Flensburg;Unknown;;;442;442;;No;No;No;Unknown (1997);3;Unknown;;;;;
Floriana;Unknown;;;442;442;;No;No;No;Unknown (1997);3;Unknown;;;;;
Fl?y;Unknown;;;442;442;;No;No;No;Unknown (1997);3;Unknown;;;;;
Fluminense;Unknown;;;442;442;;No;No;No;Unknown (1997);3;Unknown;;;;;
Foggia;Italy;;;442;442;;No;No;No;Unknown (1997);3;Unknown;;;;;
F?rde;Unknown;;;442;442;;No;No;No;Unknown (1997);3;Unknown;;;;;
Forfar;Unknown;;;442;442;;No;No;No;Unknown (1997);3;Unknown;;;;;
Fortuna Kln;Unknown;;;442;442;;No;No;No;Unknown (1997);3;Unknown;;;;;
Fortuna Sittard;Holland;Eredivision;A;442;433;;No;No;Yes;Bert van Marwijk;4;De Baandert;20000;Yellow;Black;Navy;White
Forward;Unknown;;;442;442;;No;No;No;Unknown (1997);3;Unknown;;;;;
Franc Borains;Unknown;;;442;442;;No;No;No;Unknown (1997);3;Unknown;;;;;
France;Unknown;;;442;442;;No;No;No;Unknown (1997);3;Unknown;;;;;
Frankfurt;Germany;2. Bundesliga;;442;442;;No;No;No;Unknown (1997);7;Generic Stadium;;;;;
Fredericia;Denmark;;;442;442;;No;No;No;Unknown (1997);3;Unknown;;;;;
Fredrikstad;Unknown;;;442;442;;No;No;No;Unknown (1997);3;Unknown;;;;;
Free Sestao;Unknown;;;442;442;;No;No;No;Unknown (1997);3;Unknown;;;;;
Free Transfer;Unknown;;;442;442;;No;No;No;Unknown (1997);3;Unknown;;;;;
Free Villarreal;Spain;Segunda Division;;442;442;;No;No;No;Unknown (1997);5;Generic Stadium;;;;;
Zaragoza;Spain;La Liga;;442;442;;No;No;No;Unknown (1997);7;La Romareda;34596;White;Blue;Blue;White
Freiburg;Germany;2. Bundesliga;;442;442;;No;No;No;Unknown (1997);7;Generic Stadium;;;;;
Frjus;Unknown;;;442;442;;No;No;No;Unknown (1997);3;Unknown;;;;;
Frem;Unknown;;;442;442;;No;No;No;Unknown (1997);3;Unknown;;;;;
Fremad A.;Denmark;;A;442;442;;No;No;No;Unknown (1997);3;Unknown;;;;;
Frigg;Unknown;;;442;442;;No;No;No;Unknown (1997);3;Unknown;;;;;
Fuenlabrada;Unknown;;;442;442;;No;No;No;Unknown (1997);3;Unknown;;;;;
Fulham;England;Football League Division Two;;442;442;;No;No;No;Unknown (1997);3;Unknown;;;;;
Fyllingen;Unknown;;;442;442;;No;No;No;Unknown (1997);3;Unknown;;;;;
GAIS;Unknown;;;442;442;;No;No;No;Unknown (1997);3;Unknown;;;;;
Galatasaray;Turkey;;A;442;442;;No;No;No;Unknown (1997);3;Unknown;;;;;
Gamba Osaka;Unknown;;;442;442;;No;No;No;Unknown (1997);3;Unknown;;;;;
Gazlec Ajaccio;Unknown;;;442;442;;No;No;No;Unknown (1997);3;Unknown;;;;;
Gaziantepspor;Unknown;;;442;442;;No;No;No;Unknown (1997);3;Unknown;;;;;
Gazientepspor;Unknown;;;442;442;;No;No;No;Unknown (1997);3;Unknown;;;;;
Geel;Unknown;;;442;442;;No;No;No;Unknown (1997);3;Unknown;;;;;
Gefle;Unknown;;;442;442;;No;No;No;Unknown (1997);3;Unknown;;;;;
Genk;Belgium;;A;442;442;;No;No;No;Unknown (1997);3;Unknown;;;;;
Genoa;Italy;;;442;442;;No;No;No;Unknown (1997);3;Unknown;;;;;
Gent;Belgium;;;442;442;;No;No;No;Unknown (1997);3;Unknown;;;;;
Germinal Ekeren;Unknown;;;442;442;;No;No;No;Unknown (1997);3;Unknown;;;;;
Getafe;Spain;;;442;442;;No;No;No;Unknown (1997);3;Unknown;;;;;
Gevir;Unknown;;;442;442;;No;No;No;Unknown (1997);3;Unknown;;;;;
Geylang;Unknown;;;442;442;;No;No;No;Unknown (1997);3;Unknown;;;;;
GI;Unknown;;;442;442;;No;No;No;Unknown (1997);3;Unknown;;;;;
Gil Vicente;Unknown;;;442;442;;No;No;No;Unknown (1997);3;Unknown;;;;;
Gillingham;England;Football League Division Two;;442;442;;No;No;No;Unknown (1997);3;Unknown;;;;;
Gimnasia;Unknown;;;442;442;;No;No;No;Unknown (1997);3;Unknown;;;;;
Gimons;Unknown;;;442;442;;No;No;No;Unknown (1997);3;Unknown;;;;;
Giorgione;Unknown;;;442;442;;No;No;No;Unknown (1997);3;Unknown;;;;;
Giulianova;Unknown;;;442;442;;No;No;No;Unknown (1997);3;Unknown;;;;;
Gj?vik-Lyn;Unknown;;;442;442;;No;No;No;Unknown (1997);3;Unknown;;;;;
GKS Katowice;Unknown;;;442;442;;No;No;No;Unknown (1997);3;Unknown;;;;;
Gloria Bistrita;Unknown;;;442;442;;No;No;No;Unknown (1997);3;Unknown;;;;;
Glostrup;Denmark;;A;442;442;;No;No;No;Unknown (1997);3;Unknown;;;;;
Go Ahead Eagles;Holland;;;442;442;;No;No;No;Unknown (1997);3;Unknown;;;;;
Gornik Konin;Unknown;;;442;442;;No;No;No;Unknown (1997);3;Unknown;;;;;
Gornik Zabrze;Unknown;;;442;442;;No;No;No;Unknown (1997);3;Unknown;;;;;
Gossen;Unknown;;;442;442;;No;No;No;Unknown (1997);3;Unknown;;;;;
Grasshopper;Unknown;;;442;442;;No;No;No;Unknown (1997);3;Unknown;;;;;
Grazer AK;Unknown;;;442;442;;No;No;No;Unknown (1997);3;Unknown;;;;;
Grei;Unknown;;;442;442;;No;No;No;Unknown (1997);3;Unknown;;;;;
Gremio;Unknown;;;442;442;;No;No;No;Unknown (1997);3;Unknown;;;;;
Greuther Frth;Unknown;;;442;442;;No;No;No;Unknown (1997);3;Unknown;;;;;
Grevenmacher;Unknown;;;442;442;;No;No;No;Unknown (1997);3;Unknown;;;;;
Grimsby;England;Football League Division Two;;442;442;;No;No;No;Unknown (1997);3;Unknown;;;;;
Groningen;Holland;Eredivision;A;433;442;;No;No;No;Wim Rijsbergen;4;Oosterpark;21000;Green;White;Blue;White
Grovfjord;Unknown;;;442;442;;No;No;No;Unknown (1997);3;Unknown;;;;;
Guadalajara;Unknown;;;442;442;;No;No;No;Unknown (1997);3;Unknown;;;;;
Gualdo;Unknown;;;442;442;;No;No;No;Unknown (1997);3;Unknown;;;;;
Guangdong;Unknown;;;442;442;;No;No;No;Unknown (1997);3;Unknown;;;;;
Guangzhou;Unknown;;;442;442;;No;No;No;Unknown (1997);3;Unknown;;;;;
Guarani;Unknown;;;442;442;;No;No;No;Unknown (1997);3;Unknown;;;;;
Gueugnon;Unknown;;;442;442;;No;No;No;Unknown (1997);3;Unknown;;;;;
Guingamp;France;;;442;442;;No;No;No;Unknown (1997);3;Unknown;;;;;
Gunnilse;Unknown;;;442;442;;No;No;No;Unknown (1997);3;Unknown;;;;;
Gtersloh;Unknown;;;442;442;;No;No;No;Unknown (1997);3;Unknown;;;;;
Gyori;Unknown;;;442;442;;No;No;No;Unknown (1997);3;Unknown;;;;;
Haarlem;Holland;;;442;442;;No;No;No;Unknown (1997);3;Unknown;;;;;
Hcken;Unknown;;;442;442;;No;No;No;Unknown (1997);3;Unknown;;;;;
Hackern;Unknown;;;442;442;;No;No;No;Unknown (1997);3;Unknown;;;;;
Haderslev;Denmark;;;442;442;;No;No;No;Unknown (1997);3;Unknown;;;;;
Hajduk Split;Unknown;;;442;442;;No;No;No;Unknown (1997);3;Unknown;;;;;
Haka;Unknown;;;442;442;;No;No;No;Unknown (1997);3;Unknown;;;;;
Haladas VSE;Unknown;;;442;442;;No;No;No;Unknown (1997);3;Unknown;;;;;
Halifax;Unknown;;;442;442;;No;No;No;Unknown (1997);3;Unknown;;;;;
Halmstad;Sweden;;;442;442;;No;No;No;Unknown (1997);3;Unknown;;;;;
Ham Kam;Unknown;;;442;442;;No;No;No;Unknown (1997);3;Unknown;;;;;
Hamburg;Germany;Bundesliga;;442;442;;No;No;No;Unknown (1997);7;Volksparkstadion;62000.0;;;;
Hamilton;Scotland;;;442;442;;No;No;No;Unknown (1997);3;Unknown;;;;;
Hammarby;Sweden;;;442;442;;No;No;No;Unknown (1997);3;Unknown;;;;;
Hamme;Unknown;;;442;442;;No;No;No;Unknown (1997);3;Unknown;;;;;
Hamrun Spartans;Unknown;;;442;442;;No;No;No;Unknown (1997);3;Unknown;;;;;
Hana;Unknown;;;442;442;;No;No;No;Unknown (1997);3;Unknown;;;;;
Hannover;Germany;;;442;442;;No;No;No;Unknown (1997);3;Unknown;;;;;
Hapoel Askelon;Unknown;;;442;442;;No;No;No;Unknown (1997);3;Unknown;;;;;
Hapoel Beer Sheva;Unknown;;;442;442;;No;No;No;Unknown (1997);3;Unknown;;;;;
Hapoel Haifa;Unknown;;;442;442;;No;No;No;Unknown (1997);3;Unknown;;;;;
Hapoel Tel Aviv;Unknown;;;442;442;;No;No;No;Unknown (1997);3;Unknown;;;;;
Harelbeke;Unknown;;;442;442;;No;No;No;Unknown (1997);3;Unknown;;;;;
Harstad;Unknown;;;442;442;;No;No;No;Unknown (1997);3;Unknown;;;;;
Hartlepool;Unknown;Football League Division Three;;442;442;;No;No;No;Unknown (1997);3;Unknown;;;;;
Hssleholm;Unknown;;;442;442;;No;No;No;Unknown (1997);3;Unknown;;;;;
Haugesund;Unknown;;;442;442;;No;No;No;Unknown (1997);3;Unknown;;;;;
HB;Unknown;;;442;442;;No;No;No;Unknown (1997);3;Unknown;;;;;
Hearts;Scotland;;;442;442;;No;No;No;Unknown (1997);3;Unknown;;;;;
Heerenveen;Holland;Eredivision;A;433;442;;No;No;No;Foppe de Haan;3;Abe Lenstra Stadion;14300;Blue;White;Red;Black
Heggedal;Unknown;;;442;442;;No;No;No;Unknown (1997);3;Unknown;;;;;
Heidebloem;Unknown;;;442;442;;No;No;No;Unknown (1997);3;Unknown;;;;;
Heist;Unknown;;;442;442;;No;No;No;Unknown (1997);3;Unknown;;;;;
Helmond Sport;Unknown;;;442;442;;No;No;No;Unknown (1997);3;Unknown;;;;;
Helsingborg;Sweden;;;442;442;;No;No;No;Unknown (1997);3;Unknown;;;;;
Helsing?r;Denmark;;;442;442;;No;No;No;Unknown (1997);3;Unknown;;;;;
Heracles;Holland;;;442;442;;No;No;No;Unknown (1997);3;Unknown;;;;;
Hercules;Spain;Segunda Division;;442;442;;No;No;No;Unknown (1997);5;Generic Stadium;;;;;
Hereford;England;;;442;442;;No;No;No;Unknown (1997);3;Unknown;;;;;
Herf lge;Denmark;Superliga;A;442;442;;No;No;No;Unknown (1997);3;Unknown;;Yellow;Blue;Black;White
Herning;Denmark;;;442;442;;No;No;No;Unknown (1997);3;Unknown;;;;;
Hertzga;Unknown;;;442;442;;No;No;No;Unknown (1997);3;Unknown;;;;;
Heusden;Unknown;;;442;442;;No;No;No;Unknown (1997);3;Unknown;;;;;
Hibernians;Scotland;Premier League (Scotland);A;442;442;;No;No;No;Unknown (1997);3;Unknown;;;;;
Hibs;Scotland;;;442;442;;No;No;No;Unknown (1997);3;Unknown;;;;;
HIK;Unknown;;;442;442;;No;No;No;Unknown (1997);3;Unknown;;;;;
HJK Helsinki;Finland;;;442;442;;No;No;No;Unknown (1997);3;Unknown;;;;;
H?dd;Unknown;;;442;442;;No;No;No;Unknown (1997);3;Unknown;;;;;
Holstebro;Denmark;;;442;442;;No;No;No;Unknown (1997);3;Unknown;;;;;
Holter;Unknown;;;442;442;;No;No;No;Unknown (1997);3;Unknown;;;;;
Home Utd;Unknown;;;442;442;;No;No;No;Unknown (1997);3;Unknown;;;;;
Honved;Unknown;;;442;442;;No;No;No;Unknown (1997);3;Unknown;;;;;
Hoogstraten;Unknown;;;442;442;;No;No;No;Unknown (1997);3;Unknown;;;;;
Horsens;Denmark;;;442;442;;No;No;No;Unknown (1997);3;Unknown;;;;;
Huddersfield;England;Football League Division One;;442;442;;No;No;No;Unknown (1997);3;Unknown;;;;;
Hull;England;Football League Division Three;;442;442;;No;No;No;Unknown (1997);3;Unknown;;;;;
Hvidovre;Denmark;;;442;442;;No;No;No;Unknown (1997);3;Unknown;;;;;
IA Akranes;Unknown;;;442;442;;No;No;No;Unknown (1997);3;Unknown;;;;;
IFK Gothenburg;Sweden;;;442;442;;No;No;No;Unknown (1997);3;Unknown;;;;;
Ikast;Denmark;Superliga;A;442;442;;No;No;No;Unknown (1997);3;Ikast Stadion;7000.0;Blue;Yellow;White;Blue
Imortal;Unknown;;;442;442;;No;No;No;Unknown (1997);3;Unknown;;;;;
Independiente;Unknown;;;442;442;;No;No;No;Unknown (1997);3;Unknown;;;;;
Infesta;Unknown;;;442;442;;No;No;No;Unknown (1997);3;Unknown;;;;;
Inter Bratislava;;;;442;442;;No;No;No;Unknown (1997);7;Generic Stadium;;;;;
Inter Milan;Italy;Serie A;A;352;352;;Yes;No;No;Luigi Simoni;9;San Siro;80074;Blue;Black;White;Black
Inverness C. Thistle;Unknown;;;442;442;;No;No;No;Unknown (1997);3;Unknown;;;;;
Ionikos;Unknown;;;442;442;;No;No;No;Unknown (1997);3;Unknown;;;;;
Ipswich;England;Football League Division One;;442;442;;No;No;No;George Burley;3;Portman Road;30311.0;;;;
Iraklis;Unknown;;;442;442;;No;No;No;Unknown (1997);3;Unknown;;;;;
Irony Ashdod;Unknown;;;442;442;;No;No;No;Unknown (1997);3;Unknown;;;;;
Ischia;Unknown;;;442;442;;No;No;No;Unknown (1997);3;Unknown;;;;;
Istanbulspor;Unknown;;;442;442;;No;No;No;Unknown (1997);3;Unknown;;;;;
Istres;Unknown;;;442;442;;No;No;No;Unknown (1997);3;Unknown;;;;;
Izarra;Unknown;;;442;442;;No;No;No;Unknown (1997);3;Unknown;;;;;
Jaen;Unknown;;;442;442;;No;No;No;Unknown (1997);3;Unknown;;;;;
JEF United;Unknown;;;442;442;;No;No;No;Unknown (1997);3;Unknown;;;;;
Jena;Germany;2. Bundesliga;;442;442;;No;No;No;Unknown (1997);7;Generic Stadium;;;;;
Jeunesse Esch;Unknown;;;442;442;;No;No;No;Unknown (1997);3;Unknown;;;;;
Jevnaker;Unknown;;;442;442;;No;No;No;Unknown (1997);3;Unknown;;;;;
Jilin;Unknown;;;442;442;;No;No;No;Unknown (1997);3;Unknown;;;;;
Jotun;Unknown;;;442;442;;No;No;No;Unknown (1997);3;Unknown;;;;;
Jubilo Iwata;Unknown;;;442;442;;No;No;No;Unknown (1997);3;Unknown;;;;;
Junior;Unknown;;;442;442;;No;No;No;Unknown (1997);3;Unknown;;;;;
Juve Stabia;Unknown;;;442;442;;No;No;No;Unknown (1997);3;Unknown;;;;;
Juventus;Italy;Serie A;A;4312;442;;Yes;No;No;Marcello Lippi;10;Stadio delle Alpi;69295;White;White;Blue;Blue
Kaiser Chiefs;Unknown;;;442;442;;No;No;No;Unknown (1997);3;Unknown;;;;;
Kaiserslautern;Germany;Bundesliga;;442;442;;No;No;No;Unknown (1997);7;Generic Stadium;;;;;
Kalamata;Unknown;;;442;442;;No;No;No;Unknown (1997);3;Unknown;;;;;
Kalmar;Unknown;;;442;442;;No;No;No;Unknown (1997);3;Unknown;;;;;
KAMAZ;Unknown;;;442;442;;No;No;No;Unknown (1997);3;Unknown;;;;;
Kansas City;USA;;;442;442;;No;No;No;Unknown (1997);3;Unknown;;;;;
Kapellen;Unknown;;;442;442;;No;No;No;Unknown (1997);3;Unknown;;;;;
Karlsruhe;Germany;Bundesliga;;442;442;;No;No;No;Unknown (1997);7;Generic Stadium;;;;;
Kashima Antlers;Unknown;;;442;442;;No;No;No;Unknown (1997);3;Unknown;;;;;
Kashima;Unknown;;;442;442;;No;No;No;Unknown (1997);3;Unknown;;;;;
Kashiwa Reysol;Unknown;;;442;442;;No;No;No;Unknown (1997);3;Unknown;;;;;
Kassel;Unknown;;;442;442;;No;No;No;Unknown (1997);3;Unknown;;;;;
Kasterlee;Unknown;;;442;442;;No;No;No;Unknown (1997);3;Unknown;;;;;
Katowice;Unknown;;;442;442;;No;No;No;Unknown (1997);3;Unknown;;;;;
Kavala;Unknown;;;442;442;;No;No;No;Unknown (1997);3;Unknown;;;;;
Kayserispor;Turkey;;;442;442;;No;No;No;Unknown (1997);3;Unknown;;;;;
KB;Denmark;;;442;442;;No;No;No;Unknown (1997);3;Unknown;;;;;
Kermt;Unknown;;;442;442;;No;No;No;Unknown (1997);3;Unknown;;;;;
KI;Unknown;;;442;442;;No;No;No;Unknown (1997);3;Unknown;;;;;
Kilmarnock;Scotland;Premier League (Scotland);;442;442;;No;No;No;Unknown (1997);3;Unknown;;;;;
Kjelss;Unknown;;;442;442;;No;No;No;Unknown (1997);3;Unknown;;;;;
Klepp;Unknown;;;442;442;;No;No;No;Unknown (1997);3;Unknown;;;;;
FC K benhavn;Denmark;Superliga;A;442;442;;No;No;No;Unknown (1997);3;Parken;42000;White;Blue;Black;White
Kocaelispor;Unknown;;;442;442;;No;No;No;Unknown (1997);3;Unknown;;;;;
K?ge;Denmark;;;442;442;;No;No;No;Unknown (1997);3;Unknown;;;;;
Kolding;Denmark;;;442;442;;No;No;No;Unknown (1997);3;Unknown;;;;;
Kolstad;Unknown;;;442;442;;No;No;No;Unknown (1997);3;Unknown;;;;;
Kongsvinger;Unknown;;;442;442;;No;No;No;Unknown (1997);3;Unknown;;;;;
Korotan;Unknown;;;442;442;;No;No;No;Unknown (1997);3;Unknown;;;;;
Kortrijk;Unknown;;;442;442;;No;No;No;Unknown (1997);3;Unknown;;;;;
Kosice;Unknown;;;442;442;;No;No;No;Unknown (1997);3;Unknown;;;;;
KR;Unknown;;;442;442;;No;No;No;Unknown (1997);3;Unknown;;;;;
Kremen;Unknown;;;442;442;;No;No;No;Unknown (1997);3;Unknown;;;;;
KV Mechelen;Unknown;;;442;442;;No;No;No;Unknown (1997);3;Unknown;;;;;
La LouviSre;Unknown;;;442;442;;No;No;No;Unknown (1997);3;Unknown;;;;;
Laci;Unknown;;;442;442;;No;No;No;Unknown (1997);3;Unknown;;;;;
Langevg;Unknown;;;442;442;;No;No;No;Unknown (1997);3;Unknown;;;;;
Lanus;Unknown;;;442;442;;No;No;No;Unknown (1997);3;Unknown;;;;;
Las Palmas;Spain;Segunda Division;;442;442;;No;No;No;Unknown (1997);5;Generic Stadium;;;;;
LASK;Unknown;;;442;442;;No;No;No;Unknown (1997);3;Unknown;;;;;
Lausanne;Unknown;;;442;442;;No;No;No;Unknown (1997);3;Unknown;;;;;
Laval;Unknown;;;442;442;;No;No;No;Unknown (1997);3;Unknown;;;;;
Lazio;Italy;Serie A;A;442;433;;No;No;No;Sven-Goran Eriksson;8;Stadio Olimpico;72698;Light Blue;White;Navy;Navy
Le Havre;France;;;442;442;;No;No;No;Unknown (1997);3;Unknown;;;;;
Le Mans;Unknown;;;442;442;;No;No;No;Unknown (1997);3;Unknown;;;;;
Lea;Unknown;;;442;442;;No;No;No;Unknown (1997);3;Unknown;;;;;
Lecce;Italy;Serie A;A;442;442;;No;No;No;Nedo Sonetti;7;Stadio Via del Mare;33876;Red;Red;Black;Black
Lecco;Unknown;;;442;442;;No;No;No;Unknown (1997);3;Unknown;;;;;
Lech Poznan;Unknown;;;442;442;;No;No;No;Unknown (1997);3;Unknown;;;;;
Leeds;England;Premier League;A;442;442;;No;No;No;George Graham;8;Elland Road;40204.0;White;Blue;Yellow;Blue
Leganes;Spain;Segunda Division;;442;442;;No;No;No;Unknown (1997);5;Generic Stadium;;;;;
Legia Warsaw;Poland;;;442;442;;No;No;No;Unknown (1997);3;Unknown;;;;;
Leicester;England;Premier League;A;442;442;;No;No;No;Unknown (1997);8;Filbert Street;22487.0;Blue;White;White;Blue
Leiftur;Unknown;;;442;442;;No;No;No;Unknown (1997);3;Unknown;;;;;
Leipzig;Germany;2. Bundesliga;;442;442;;No;No;No;Unknown (1997);7;Generic Stadium;;;;;
Leiria;Unknown;;;442;442;;No;No;No;Unknown (1997);3;Unknown;;;;;
Leix?es;Unknown;;;442;442;;No;No;No;Unknown (1997);3;Unknown;;;;;
Lembeek;Unknown;;;442;442;;No;No;No;Unknown (1997);3;Unknown;;;;;
Lemona;Unknown;;;442;442;;No;No;No;Unknown (1997);3;Unknown;;;;;
Lens;Unknown;;;442;442;;No;No;No;Unknown (1997);3;Stade Bollaert;41600.0;;;;
Levante;Spain;Segunda Division;;442;442;;No;No;No;Unknown (1997);5;Generic Stadium;;;;;
Leverkusen;Germany;Bundesliga;;442;442;;No;No;No;Unknown (1997);7;Generic Stadium;;;;;
Levski Sofia;Unknown;;;442;442;;No;No;No;Unknown (1997);3;Unknown;;;;;
Leyton O;England;;;442;442;;No;No;No;Unknown (1997);3;Unknown;;;;;
Leyton Orient;England;Football League Division Three;;442;442;;No;No;No;Unknown (1997);3;Unknown;;;;;
Leyton;England;;;442;442;;No;No;No;Unknown (1997);3;Unknown;;;;;
Liaoning;Unknown;;;442;442;;No;No;No;Unknown (1997);3;Unknown;;;;;
Lierse;Unknown;;;442;442;;No;No;No;Unknown (1997);3;Unknown;;;;;
Lille;France;;;442;442;;No;No;No;Unknown (1997);3;Unknown;;;;;
Lillestr?m;Norway;;A;442;442;;No;No;No;Unknown (1997);3;Unknown;;;;;
Lincoln C;Unknown;Football League Division Three;;442;442;;No;No;No;Unknown (1997);3;Unknown;;;;;
Lincoln;Unknown;Football League Division Three;;442;442;;No;No;No;Unknown (1997);3;Unknown;;;;;
Liv/Fossekallen;Unknown;;;442;442;;No;No;No;Unknown (1997);3;Unknown;;;;;
Liverpool;England;Premier League;A;442;442;;No;No;No;Roy Evans;8;Anfield;45362.0;Red;White;White;Black
Livingston;Unknown;;;442;442;;No;No;No;Unknown (1997);3;Unknown;;;;;
Livorno;Unknown;;;442;442;;No;No;No;Unknown (1997);3;Unknown;;;;;
Ljuboten Tetovo;Unknown;;;442;442;;No;No;No;Unknown (1997);3;Unknown;;;;;
Ljungskile;Unknown;;;442;442;;No;No;No;Unknown (1997);3;Unknown;;;;;
LKS Lodz;Unknown;;;442;442;;No;No;No;Unknown (1997);3;Unknown;;;;;
Lleida;Spain;Segunda Division;;442;442;;No;No;No;Unknown (1997);5;Generic Stadium;;;;;
Lodigiani;Unknown;;;442;442;;No;No;No;Unknown (1997);3;Unknown;;;;;
Logrones;Spain;Segunda Division;;442;442;;No;No;No;Unknown (1997);5;Generic Stadium;;;;;
Lokeren;Unknown;;;442;442;;No;No;No;Unknown (1997);3;Unknown;;;;;
Lokomotiv Moscow;Russia;;;442;442;;No;No;No;Unknown (1997);3;Unknown;;;;;
Lokomotiv Novgorod;Unknown;;;442;442;;No;No;No;Unknown (1997);3;Unknown;;;;;
Lokomotiv Sofia;Unknown;;;442;442;;No;No;No;Unknown (1997);3;Unknown;;;;;
Lommel;Unknown;;;442;442;;No;No;No;Unknown (1997);3;Unknown;;;;;
Lorient;Unknown;;;442;442;;No;No;No;Unknown (1997);3;Unknown;;;;;
Los Angeles;USA;;;442;442;;No;No;No;Unknown (1997);3;Unknown;;;;;
Louhans-Cuiseaux;Unknown;;;442;442;;No;No;No;Unknown (1997);3;Unknown;;;;;
Lourinhanense;Unknown;;;442;442;;No;No;No;Unknown (1997);3;Unknown;;;;;
L?v-Ham;Unknown;;;442;442;;No;No;No;Unknown (1997);3;Unknown;;;;;
Lower League;Unknown;;;442;442;;No;No;No;Unknown (1997);3;Unknown;;;;;
Lbeck;Germany;;;442;442;;No;No;No;Unknown (1997);3;Unknown;;;;;
Lucchese;Unknown;;;442;442;;No;No;No;Unknown (1997);3;Unknown;;;;;
Lucerne;Unknown;;;442;442;;No;No;No;Unknown (1997);3;Unknown;;;;;
Lugano;Unknown;;;442;442;;No;No;No;Unknown (1997);3;Unknown;;;;;
Lule;Unknown;;;442;442;;No;No;No;Unknown (1997);3;Unknown;;;;;
Lumezzane;Unknown;;;442;442;;No;No;No;Unknown (1997);3;Unknown;;;;;
Lundby;Sweden;;;442;442;;No;No;No;Unknown (1997);3;Unknown;;;;;
Lustenau;Unknown;;;442;442;;No;No;No;Unknown (1997);3;Unknown;;;;;
Luton;England;Football League Division Two;;442;442;;No;No;No;Unknown (1997);3;Unknown;;;;;
Lyn;Unknown;;;442;442;;No;No;No;Unknown (1997);3;Unknown;;;;;
Lyngby;Denmark;;A;442;442;;No;No;No;Unknown (1997);3;Lyngby Stadion;10000.0;;;;
Lyon;France;;;442;442;;No;No;No;Unknown (1997);3;Stade de Gerland;35000.0;;;;
Maccabi Ako;Unknown;;;442;442;;No;No;No;Unknown (1997);3;Unknown;;;;;
Maccabi Haifa;Unknown;;;442;442;;No;No;No;Unknown (1997);3;Unknown;;;;;
Maccabi Netanya;Unknown;;;442;442;;No;No;No;Unknown (1997);3;Unknown;;;;;
Maccabi Tel Aviv;Unknown;;;442;442;;No;No;No;Unknown (1997);3;Unknown;;;;;
Macclesfield;Unknown;Football League Division Three;;442;442;;No;No;No;Unknown (1997);3;Unknown;;;;;
Maia;Unknown;;;442;442;;No;No;No;Unknown (1997);3;Unknown;;;;;
Mainz;Germany;2. Bundesliga;;442;442;;No;No;No;Unknown (1997);7;Generic Stadium;;;;;
Malaga;Unknown;;;442;442;;No;No;No;Unknown (1997);3;Unknown;;;;;
Mallorca;Spain;La Liga;;442;442;;No;No;No;Unknown (1997);7;Lluis Sitjar;18000;Red;Black;White;Red
Malm;Unknown;;;442;442;;No;No;No;Unknown (1997);3;Unknown;;;;;
Mamelodi Sundowns;Unknown;;;442;442;;No;No;No;Unknown (1997);3;Unknown;;;;;
Man C;England;;;442;442;;No;No;No;Unknown (1997);3;Unknown;;;;;
Man City;England;;;442;442;;No;No;No;Joe Royle;3;Unknown;;;;;
Man U;England;;B;442;442;;No;No;No;Unknown (1997);8;Generic Stadium;;;;;
Man Utd;England;Premier League;A;442;442;;No;No;No;Alex Ferguson;10;Old Trafford;55314.0;Red;White;White;Black
Manchego;Unknown;;;442;442;;No;No;No;Unknown (1997);3;Unknown;;;;;
Mangualde;Unknown;;;442;442;;No;No;No;Unknown (1997);3;Unknown;;;;;
Mannheim;Unknown;;;442;442;;No;No;No;Unknown (1997);3;Unknown;;;;;
Mansfield;England;Football League Division Three;;442;442;;No;No;No;Unknown (1997);3;Unknown;;;;;
Marbella;Unknown;;;442;442;;No;No;No;Unknown (1997);3;Unknown;;;;;
Maribor;Unknown;;;442;442;;No;No;No;Unknown (1997);3;Unknown;;;;;
Marinos;Unknown;;;442;442;;No;No;No;Unknown (1997);3;Unknown;;;;;
Martimo;Unknown;;;442;442;;No;No;No;Unknown (1997);3;Unknown;;;;;
Marseille;France;;;442;442;;No;No;No;Unknown (1997);3;Stade Velodrome;60000.0;;;;
Martigues;Unknown;;;442;442;;No;No;No;Unknown (1997);3;Unknown;;;;;
Mauren;Unknown;;;442;442;;No;No;No;Unknown (1997);3;Unknown;;;;;
MB;Unknown;;;442;442;;No;No;No;Unknown (1997);3;Unknown;;;;;
Medellin;Unknown;;;442;442;;No;No;No;Unknown (1997);3;Unknown;;;;;
Medine OC;Unknown;;;442;442;;No;No;No;Unknown (1997);3;Unknown;;;;;
Medkila;Unknown;;;442;442;;No;No;No;Unknown (1997);3;Unknown;;;;;
Melhus;Unknown;;;442;442;;No;No;No;Unknown (1997);3;Unknown;;;;;
Meppen;Germany;2. Bundesliga;;442;442;;No;No;No;Unknown (1997);7;Generic Stadium;;;;;
Mercantile;Unknown;;;442;442;;No;No;No;Unknown (1997);3;Unknown;;;;;
Merida;Spain;La Liga;;442;442;;No;No;No;Unknown (1997);7;Estadio Romano;14600;White;Black;Green;Black
Metrostars;Unknown;;;442;442;;No;No;No;Unknown (1997);3;Unknown;;;;;
Metz;France;;;442;442;;No;No;No;Unknown (1997);3;Saint-Symphorien;30000.0;;;;
Middlesbrough;England;Football League Division One;;442;442;;No;No;No;Bryan Robson;3;Riverside Stadium;30000.0;;;;
A. C. Milan;Italy;Serie A;A;442;352;;No;No;No;Fabio Capello;10;San Siro;80018;Red;White;White;White
Millionarios;Unknown;;;442;442;;No;No;No;Unknown (1997);3;Unknown;;;;;
Millwall;England;Football League Division Two;;442;442;;No;No;No;Unknown (1997);3;Unknown;;;;;
Minor Team;Unknown;;;442;442;;No;No;No;Unknown (1997);3;Unknown;;;;;
Mjllby;Sweden;;;442;442;;No;No;No;Unknown (1997);3;Unknown;;;;;
Mj?lner;Unknown;;;442;442;;No;No;No;Unknown (1997);3;Unknown;;;;;
Mj?ndalen;Unknown;;;442;442;;No;No;No;Unknown (1997);3;Unknown;;;;;
Mo;Unknown;;;442;442;;No;No;No;Unknown (1997);3;Unknown;;;;;
Modena;Unknown;;;442;442;;No;No;No;Unknown (1997);3;Unknown;;;;;
Molde;Norway;;;442;442;;No;No;No;Unknown (1997);3;Unknown;;;;;
Monaco;France;;;442;442;;No;No;No;Unknown (1997);3;Stade Louis II;18500.0;;;;
Mons;Unknown;;;442;442;;No;No;No;Unknown (1997);3;Unknown;;;;;
Monterrey;Unknown;;;442;442;;No;No;No;Unknown (1997);3;Unknown;;;;;
Montevarchi;Unknown;;;442;442;;No;No;No;Unknown (1997);3;Unknown;;;;;
Montpellier;France;;;442;442;;No;No;No;Unknown (1997);3;Unknown;;;;;
Montrose;Scotland;;;442;442;;No;No;No;Unknown (1997);3;Unknown;;;;;
Monza;Unknown;;;442;442;;No;No;No;Unknown (1997);3;Unknown;;;;;
Moreirense;Unknown;;;442;442;;No;No;No;Unknown (1997);3;Unknown;;;;;
Morild;Unknown;;;442;442;;No;No;No;Unknown (1997);3;Unknown;;;;;
Moroka;Unknown;;;442;442;;No;No;No;Unknown (1997);3;Unknown;;;;;
Morton;Scotland;;;442;442;;No;No;No;Unknown (1997);3;Unknown;;;;;
Moss;Unknown;;;442;442;;No;No;No;Unknown (1997);3;Unknown;;;;;
Motala;Unknown;;;442;442;;No;No;No;Unknown (1997);3;Unknown;;;;;
Motherwell;Scotland;;;442;442;;No;No;No;Unknown (1997);3;Unknown;;;;;
Mouscron;Unknown;;;442;442;;No;No;No;Unknown (1997);3;Unknown;;;;;
MP Mikkeli;Unknown;;;442;442;;No;No;No;Unknown (1997);3;Unknown;;;;;
MSV Duisburg;Germany;Bundesliga;;442;442;;No;No;No;Unknown (1997);7;Generic Stadium;;;;;
MTK;Unknown;;;442;442;;No;No;No;Unknown (1997);3;Unknown;;;;;
Mulhouse;Unknown;;;442;442;;No;No;No;Unknown (1997);3;Unknown;;;;;
Munich 1860;Germany;Bundesliga;;442;442;;No;No;No;Unknown (1997);7;Generic Stadium;;;;;
Mura;Unknown;;;442;442;;No;No;No;Unknown (1997);3;Unknown;;;;;
Murcia;Unknown;;;442;442;;No;No;No;Unknown (1997);3;Unknown;;;;;
MVV;Holland;Eredivision;A;442;532;;No;No;No;Frans Korver;2;De Geusselt;11000;Red;White;White;Red
Mypa;Unknown;;;442;442;;No;No;No;Unknown (1997);3;Unknown;;;;;
N. Forrest;England;;;442;442;;No;No;No;Unknown (1997);3;Unknown;;;;;
N.Forest;England;;;442;442;;No;No;No;Unknown (1997);3;Unknown;;;;;
NAC Breda;Holland;Eredivision;A;442;532;;No;No;No;Herbert Neumann;4;Rat Verlegh Stadion;19000;Yellow;Black;White;Black
Nacional Montevideo;Unknown;;;442;442;;No;No;No;Unknown (1997);3;Unknown;;;;;
Nacional;Unknown;;;442;442;;No;No;No;Unknown (1997);3;Unknown;;;;;
Nadi Qatar;Unknown;;;442;442;;No;No;No;Unknown (1997);3;Unknown;;;;;
Nstved;Denmark;;;442;442;;No;No;No;Unknown (1997);3;Unknown;;;;;
Nagoya Grampus;Unknown;;;442;442;;No;No;No;Unknown (1997);3;Unknown;;;;;
Namsos;Unknown;;;442;442;;No;No;No;Unknown (1997);3;Unknown;;;;;
Nancy;France;;;442;442;;No;No;No;Unknown (1997);3;Unknown;;;;;
Nantes;France;;;442;442;;No;No;No;Unknown (1997);3;Unknown;;;;;
Napoli;Italy;Serie A;A;442;433;;No;No;No;Vincenzo Montefusco;7;Stadio San Paolo;60240;Blue;White;White;Blue
Nardo;Unknown;;;442;442;;No;No;No;Unknown (1997);3;Unknown;;;;;
National Bucharest;Unknown;;;442;442;;No;No;No;Unknown (1997);3;Unknown;;;;;
National;Unknown;;;442;442;;No;No;No;Unknown (1997);3;Unknown;;;;;
NEC;Holland;Eredivision;A;442;532;;No;No;No;Jimmy Calderwood;4;Goffertstadion;29000;Red;Black;White;Black
Necaxa;Unknown;;;442;442;;No;No;No;Unknown (1997);3;Unknown;;;;;
Nest;Unknown;;;442;442;;No;No;No;Unknown (1997);3;Unknown;;;;;
Neuchatal Xamax;Unknown;;;442;442;;No;No;No;Unknown (1997);3;Unknown;;;;;
Neuchatel Xamax;Unknown;;;442;442;;No;No;No;Unknown (1997);3;Unknown;;;;;
New England;Unknown;;;442;442;;No;No;No;Unknown (1997);3;Unknown;;;;;
Newcastle U;England;;B;442;442;;No;No;No;Unknown (1997);8;Generic Stadium;;White;Black;;
Newcastle;England;Premier League;A;442;442;;No;No;No;Kenny Dalglish;8;St James' Park;36542.0;White;Black;Orange;Blue
Newells Old Boys;Unknown;;;442;442;;No;No;No;Unknown (1997);3;Unknown;;;;;
Nice;Unknown;;;442;442;;No;No;No;Unknown (1997);3;Unknown;;;;;
Nimes;Unknown;;;442;442;;No;No;No;Unknown (1997);3;Unknown;;;;;
Niort;Unknown;;;442;442;;No;No;No;Unknown (1997);3;Unknown;;;;;
Niva Ternopol;Unknown;;;442;442;;No;No;No;Unknown (1997);3;Unknown;;;;;
Nocerina;Unknown;;;442;442;;No;No;No;Unknown (1997);3;Unknown;;;;;
Non League;Unknown;;;442;442;;No;No;No;Unknown (1997);3;Unknown;;;;;
Norrkping;Sweden;;;442;442;;No;No;No;Unknown (1997);3;Unknown;;;;;
Northampton;England;Football League Division Two;;442;442;;No;No;No;Unknown (1997);3;Unknown;;;;;
Norwich;England;Football League Division One;;442;442;;No;No;No;Mike Walker;3;Unknown;;;;;
Notts C;England;;;442;442;;No;No;No;Unknown (1997);3;Unknown;;;;;
Novara;Unknown;;;442;442;;No;No;No;Unknown (1997);3;Unknown;;;;;
Nuevo Leon;Unknown;;;442;442;;No;No;No;Unknown (1997);3;Unknown;;;;;
Numancia;Spain;Segunda Division;;442;442;;No;No;No;Unknown (1997);5;Generic Stadium;;;;;
Nrnberg;Unknown;;;442;442;;No;No;No;Unknown (1997);3;Unknown;;;;;
Nybergsund;Unknown;;;442;442;;No;No;No;Unknown (1997);3;Unknown;;;;;
Nyk?bing;Denmark;;;442;442;;No;No;No;Unknown (1997);3;Unknown;;;;;
OB;Denmark;Superliga;A;442;442;;No;No;No;Unknown (1997);3;Odense Stadion;15800.0;Blue;White;Black;White
Odd Grenland;Norway;;;442;442;;No;No;No;Unknown (1997);3;Unknown;;;;;
Oddevold;Unknown;;;442;442;;No;No;No;Unknown (1997);3;Unknown;;;;;
Odra Wodzislaw;Unknown;;;442;442;;No;No;No;Unknown (1997);3;Unknown;;;;;
OFI Crete;Unknown;;;442;442;;No;No;No;Unknown (1997);3;Unknown;;;;;
Oldham;England;Football League Division Two;;442;442;;No;No;No;Unknown (1997);3;Unknown;;;;;
Olimpia Balti;Unknown;;;442;442;;No;No;No;Unknown (1997);3;Unknown;;;;;
Olimpija;Unknown;;;442;442;;No;No;No;Unknown (1997);3;Unknown;;;;;
Olsa Brakel;Unknown;;;442;442;;No;No;No;Unknown (1997);3;Unknown;;;;;
?lstykke;Denmark;;;442;442;;No;No;No;Unknown (1997);3;Unknown;;;;;
Olym.Mvolye;Unknown;;;442;442;;No;No;No;Unknown (1997);3;Unknown;;;;;
Olympia Riga;Unknown;;;442;442;;No;No;No;Unknown (1997);3;Unknown;;;;;
Olympiakos;Greece;;;442;442;;No;No;No;Unknown (1997);3;Unknown;;;;;
Olympique Charleroi;Greece;;;442;442;;No;No;No;Unknown (1997);3;Unknown;;;;;
Omonia Aradippou;Unknown;;;442;442;;No;No;No;Unknown (1997);3;Unknown;;;;;
Omonia Nicosia;Unknown;;;442;442;;No;No;No;Unknown (1997);3;Unknown;;;;;
Oostende;Unknown;;;442;442;;No;No;No;Unknown (1997);3;Unknown;;;;;
TMrebro;Unknown;;;442;442;;No;No;No;Unknown (1997);3;Unknown;;;;;
Orense;Unknown;;;442;442;;No;No;No;Unknown (1997);3;Unknown;;;;;
TMrgryte;Unknown;;;442;442;;No;No;No;Unknown (1997);3;Unknown;;;;;
Orkanger;Unknown;;;442;442;;No;No;No;Unknown (1997);3;Unknown;;;;;
Orkdal;Unknown;;;442;442;;No;No;No;Unknown (1997);3;Unknown;;;;;
Orlando Pirates;USA;;;442;442;;No;No;No;Unknown (1997);3;Unknown;;;;;
?rn;Unknown;;;442;442;;No;No;No;Unknown (1997);3;Unknown;;;;;
?rsta;Unknown;;;442;442;;No;No;No;Unknown (1997);3;Unknown;;;;;
Os;Unknown;;;442;442;;No;No;No;Unknown (1997);3;Unknown;;;;;
Osasuna;Spain;Segunda Division;;442;442;;No;No;No;Unknown (1997);5;Generic Stadium;;;;;
Osijek;Unknown;;;442;442;;No;No;No;Unknown (1997);3;Unknown;;;;;
TMster;Unknown;;;442;442;;No;No;No;Unknown (1997);3;Unknown;;;;;
Otelul Galati;Unknown;;;442;442;;No;No;No;Unknown (1997);3;Unknown;;;;;
Oud-Heverlee;Unknown;;;442;442;;No;No;No;Unknown (1997);3;Unknown;;;;;
Oud-Turnhout;Unknown;;;442;442;;No;No;No;Unknown (1997);3;Unknown;;;;;
Overpelt;Unknown;;;442;442;;No;No;No;Unknown (1997);3;Unknown;;;;;
Oviedo;Spain;;B;442;442;;No;No;No;Unknown (1997);7;;;;;;
Oxford;England;Football League Division One;;442;442;;No;No;No;Unknown (1997);3;Unknown;;;;;
Paos Ferreira;Unknown;;;442;442;;No;No;No;Unknown (1997);3;Unknown;;;;;
Padova;Unknown;;;442;442;;No;No;No;Unknown (1997);3;Unknown;;;;;
Palermo;Italy;;;442;442;;No;No;No;Unknown (1997);3;Unknown;;;;;
Palmeiras;Unknown;;;442;442;;No;No;No;Unknown (1997);3;Unknown;;;;;
Panathinaikos;Greece;;;442;442;;No;No;No;Unknown (1997);3;Unknown;;;;;
Paneris;Unknown;;;442;442;;No;No;No;Unknown (1997);3;Unknown;;;;;
Panionios;Unknown;;;442;442;;No;No;No;Unknown (1997);3;Unknown;;;;;
PAOK;Greece;;;442;442;;No;No;No;Unknown (1997);3;Unknown;;;;;
Paris FC;France;;;442;442;;No;No;No;Unknown (1997);3;Unknown;;;;;
Paris-SG;France;;;442;442;;No;No;No;Unknown (1997);3;Unknown;;;;;
Parma;Italy;Serie A;A;442;442;;No;Yes;No;Carlo Ancelotti;6;Stadio Ennio Tardini;27906;White;Blue;Yellow;Blue
Partick T;Scotland;;;442;442;;No;No;No;Unknown (1997);3;Unknown;;;;;
Partick Thistle;Scotland;;A;442;442;;No;No;No;Unknown (1997);3;Unknown;;;;;
Partizan Tirana;Unknown;;;442;442;;No;No;No;Unknown (1997);3;Unknown;;;;;
Partizan;Unknown;;;442;442;;No;No;No;Unknown (1997);3;Unknown;;;;;
Patro Eisden;Unknown;;;442;442;;No;No;No;Unknown (1997);3;Unknown;;;;;
Pelister Bitola;Unknown;;;442;442;;No;No;No;Unknown (1997);3;Unknown;;;;;
Penafiel;Unknown;;;442;442;;No;No;No;Unknown (1997);3;Unknown;;;;;
Penarol;Unknown;;;442;442;;No;No;No;Unknown (1997);3;Unknown;;;;;
Perpignan;Unknown;;;442;442;;No;No;No;Unknown (1997);3;Unknown;;;;;
Peruggia;Italy;;;442;442;;No;No;No;Unknown (1997);3;Unknown;;;;;
Perugia;Italy;;;442;442;;No;No;No;Unknown (1997);3;Unknown;;;;;
Pescara;Italy;;;442;442;;No;No;No;Unknown (1997);3;Unknown;;;;;
Pescaro;Italy;;;442;442;;No;No;No;Unknown (1997);3;Unknown;;;;;
Petegem;Unknown;;;442;442;;No;No;No;Unknown (1997);3;Unknown;;;;;
Peterborough;England;Football League Division Three;;442;442;;No;No;No;Unknown (1997);3;Unknown;;;;;
Petra Drnovice;Unknown;;;442;442;;No;No;No;Unknown (1997);3;Unknown;;;;;
Petrochemia Plock;Unknown;;;442;442;;No;No;No;Unknown (1997);3;Unknown;;;;;
Petrolul Ploiesti;Unknown;;;442;442;;No;No;No;Unknown (1997);3;Unknown;;;;;
Pezoporikas Larnaca;Unknown;;;442;442;;No;No;No;Unknown (1997);3;Unknown;;;;;
Piacenza;Italy;Serie A;A;442;442;;No;No;No;Vincenzo Guerini;6;Stadio Leonardo Garilli;27906;Red;Red;Blue;Blue
Pirin;Unknown;;;442;442;;No;No;No;Unknown (1997);3;Unknown;;;;;
Pisa;Unknown;;;442;442;;No;No;No;Unknown (1997);3;Unknown;;;;;
Pistoiese;Unknown;;;442;442;;No;No;No;Unknown (1997);3;Unknown;;;;;
Plymouth;England;Football League Division Two;;442;442;;No;No;No;Unknown (1997);3;Unknown;;;;;
Pobeda Vitaminka;Unknown;;;442;442;;No;No;No;Unknown (1997);3;Unknown;;;;;
Poederlee;Unknown;;;442;442;;No;No;No;Unknown (1997);3;Unknown;;;;;
Pohang Steelers;Unknown;;;442;442;;No;No;No;Unknown (1997);3;Unknown;;;;;
Poitiers;Unknown;;;442;442;;No;No;No;Unknown (1997);3;Unknown;;;;;
Pol. Almeria;Unknown;;;442;442;;No;No;No;Unknown (1997);3;Unknown;;;;;
Ponte Preta;Unknown;;;442;442;;No;No;No;Unknown (1997);3;Unknown;;;;;
Pontevedra;Unknown;;;442;442;;No;No;No;Unknown (1997);3;Unknown;;;;;
Pors;Unknown;;;442;442;;No;No;No;Unknown (1997);3;Unknown;;;;;
Porsanger;Unknown;;;442;442;;No;No;No;Unknown (1997);3;Unknown;;;;;
Port Vale;England;Football League Division One;;442;442;;No;No;No;Unknown (1997);3;Unknown;;;;;
Portimonense;Unknown;;;442;442;;No;No;No;Unknown (1997);3;Unknown;;;;;
Porto;Portugal;;;442;442;;No;No;No;Unknown (1997);3;Unknown;;;;;
Portsmouth;England;Football League Division One;;442;442;;No;No;No;Terry Fenwick;3;Unknown;;;;;
Potrosnik Beltinci;Unknown;;;442;442;;No;No;No;Unknown (1997);3;Unknown;;;;;
Prato;Unknown;;;442;442;;No;No;No;Unknown (1997);3;Unknown;;;;;
Preston;England;Football League Division Two;;442;442;;No;No;No;Unknown (1997);3;Unknown;;;;;
Prikarpatye;Unknown;;;442;442;;No;No;No;Unknown (1997);3;Unknown;;;;;
Primiero Agosto;Unknown;;;442;442;;No;No;No;Unknown (1997);3;Unknown;;;;;
Primiero Maio;Unknown;;;442;442;;No;No;No;Unknown (1997);3;Unknown;;;;;
Primorje;Unknown;;;442;442;;No;No;No;Unknown (1997);3;Unknown;;;;;
Pro Sesto;Unknown;;;442;442;;No;No;No;Unknown (1997);3;Unknown;;;;;
Progres Niedercom;Unknown;;;442;442;;No;No;No;Unknown (1997);3;Unknown;;;;;
PSV Eindhoven;Holland;Eredivision;A;433;442;;Yes;No;No;Dick Advocaat;7;Philips Stadion;35000;Red;Black;Black;White
PSV;Holland;;;433;433;;No;No;No;Unknown (1997);3;Unknown;;;;;
Publikum Celje;Unknown;;;442;442;;No;No;No;Unknown (1997);3;Unknown;;;;;
Puebla;Unknown;;;442;442;;No;No;No;Unknown (1997);3;Unknown;;;;;
Q.P.R.;England;;;442;442;;No;No;No;Gerry Francis;3;Unknown;;;;;
Queen Of The South;England;;;442;442;;No;No;No;Unknown (1997);3;Unknown;;;;;
Queen's Park;England;;;442;442;;No;No;No;Unknown (1997);3;Unknown;;;;;
Racing Club Avallaneda;Argentina;;;442;442;;No;No;No;Unknown (1997);7;;;;;;
Racing Club;Spain;;;442;442;;No;No;No;Unknown (1997);7;;;;;;
Racing Santander;Spain;La Liga;;442;442;;No;No;No;Unknown (1997);7;El Sardinero;22222;White;Green;Green;White
RAF Yelgava;Unknown;;;442;442;;No;No;No;Unknown (1997);3;Unknown;;;;;
Raith Rovers;Scotland;;A;442;442;;No;No;No;Unknown (1997);3;Unknown;;;;;
Raith;Scotland;;;442;442;;No;No;No;Unknown (1997);3;Unknown;;;;;
Rakkestad;Unknown;;;442;442;;No;No;No;Unknown (1997);3;Unknown;;;;;
Randaberg;Unknown;;;442;442;;No;No;No;Unknown (1997);3;Unknown;;;;;
Randers;Denmark;;;442;442;;No;No;No;Unknown (1997);3;Unknown;;;;;
Rangers;Scotland;Premier League (Scotland);;442;442;;No;No;No;Unknown (1997);8;Generic Stadium;;Blue;White;;
Rapid Bucharest;Unknown;;;442;442;;No;No;No;Unknown (1997);3;Unknown;;;;;
Rapid Vienna;Austria;;;442;442;;No;No;No;Unknown (1997);3;Unknown;;;;;
Rapid;Unknown;;;442;442;;No;No;No;Unknown (1997);3;Unknown;;;;;
Ravenna;Unknown;;;442;442;;No;No;No;Unknown (1997);3;Unknown;;;;;
Rayo Vallecano;Spain;Segunda Division;;442;442;;No;No;No;Unknown (1997);5;Generic Stadium;;;;;
RBC;Unknown;;;442;442;;No;No;No;Unknown (1997);3;Unknown;;;;;
RC Doornik;Unknown;;;442;442;;No;No;No;Unknown (1997);3;Unknown;;;;;
RC Lebbeke;Unknown;;;442;442;;No;No;No;Unknown (1997);3;Unknown;;;;;
RC Mechelen;Belgium;;;442;442;;No;No;No;Unknown (1997);3;Unknown;;;;;
Reading;England;Football League Division One;;442;442;;No;No;No;Terry Bullivant;3;Unknown;;;;;
Real Madrid B;Spain;;B;442;442;;No;No;No;Unknown (1997);7;Generic Stadium;;;;;
Real Madrid;Spain;La Liga;A;442;442;;No;No;No;Unknown (1997);10;Santiago Bernabeu;80354;White;White;Purple;White
Real Oviedo;Spain;La Liga;;442;442;;No;No;No;Unknown (1997);7;Carlos Tartiere;23500;Blue;White;White;Blue
Real Sociedad;Spain;La Liga;;442;442;;No;No;No;Unknown (1997);7;Anoeta;32200;Blue;White;Red;White
Recreativo;Unknown;;;442;442;;No;No;No;Unknown (1997);3;Unknown;;;;;
Red Star 93;Unknown;;;442;442;;No;No;No;Unknown (1997);3;Unknown;;;;;
Red Star;Unknown;;;442;442;;No;No;No;Unknown (1997);3;Unknown;;;;;
Reggiana;Unknown;;;442;442;;No;No;No;Unknown (1997);3;Unknown;;;;;
Reggina;Unknown;;;442;442;;No;No;No;Unknown (1997);3;Unknown;;;;;
Rennes;France;;;442;442;;No;No;No;Unknown (1997);3;Route de Lorient;29778.0;;;;
Retired;Unknown;;;442;442;;No;No;No;Unknown (1997);3;Unknown;;;;;
RFCT LiSge;Unknown;;;442;442;;No;No;No;Unknown (1997);3;Unknown;;;;;
Ried;Unknown;;;442;442;;No;No;No;Unknown (1997);3;Unknown;;;;;
Rijeka;Unknown;;;442;442;;No;No;No;Unknown (1997);3;Unknown;;;;;
Rimini;Unknown;;;442;442;;No;No;No;Unknown (1997);3;Unknown;;;;;
Rio Ave;Unknown;;;442;442;;No;No;No;Unknown (1997);3;Unknown;;;;;
River Plate;Argentina;;;442;442;;No;No;No;Unknown (1997);3;Unknown;;;;;
RKC Waalwijk;Holland;Eredivision;;442;532;;No;No;No;Peter Boeve;2;Mandemakers Stadion;7500;Yellow;Blue;White;Black
Rochdale;England;Football League Division Three;;442;442;;No;No;No;Unknown (1997);3;Unknown;;;;;
Rochefort;England;;;442;442;;No;No;No;Unknown (1997);3;Unknown;;;;;
Roda JC;Holland;Eredivision;A;442;352;;No;No;No;Martin Jol;4;Kaalheide;21500;Yellow;Black;White;Black
Roma;Italy;Serie A;A;442;352;;No;Yes;No;Zdenek Zeman;8;Stadio Olimpico;72698;Red;Yellow;White;Red
Romar Mazeikiai;;;;442;442;;No;No;No;Unknown (1997);7;Generic Stadium;;;;;
Rosario Central;Unknown;;;442;442;;No;No;No;Unknown (1997);3;Unknown;;;;;
Rosenborg;Norway;;;442;442;;No;No;No;Unknown (1997);3;Unknown;;;;;
Roskilde;Denmark;;;442;442;;No;No;No;Unknown (1997);3;Unknown;;;;;
Ross County;Scotland;;;442;442;;No;No;No;Unknown (1997);3;Unknown;;;;;
Rosseland;Unknown;;;442;442;;No;No;No;Unknown (1997);3;Unknown;;;;;
Rostock;Germany;Bundesliga;;442;442;;No;No;No;Unknown (1997);7;Generic Stadium;;;;;
Rotherham;England;Football League Division Three;;442;442;;No;No;No;Unknown (1997);3;Unknown;;;;;
Rotor Volgograd;Unknown;;;442;442;;No;No;No;Unknown (1997);3;Unknown;;;;;
Runar;Unknown;;;442;442;;No;No;No;Unknown (1997);3;Unknown;;;;;
Runkst;Unknown;;;442;442;;No;No;No;Unknown (1997);3;Unknown;;;;;
RWDM;Unknown;;;442;442;;No;No;No;Unknown (1997);3;Unknown;;;;;
Saarbrcken;Unknown;;;442;442;;No;No;No;Unknown (1997);3;Unknown;;;;;
Sabadell;Unknown;;;442;442;;No;No;No;Unknown (1997);3;Unknown;;;;;
SAFFC;Unknown;;;442;442;;No;No;No;Unknown (1997);3;Unknown;;;;;
Saint-Denis/Saint-Leu;Unknown;;;442;442;;No;No;No;Unknown (1997);3;Unknown;;;;;
Saint-tienne;France;;;442;442;;No;No;No;Unknown (1997);3;Unknown;;;;;
Salamanca;Spain;La Liga;;442;442;;No;No;No;Unknown (1997);7;El Helmantico;17341;White;Black;Purple;Black
Salernitana;Unknown;;;442;442;;No;No;No;Unknown (1997);3;Unknown;;;;;
Salgueiros;Unknown;;;442;442;;No;No;No;Unknown (1997);3;Unknown;;;;;
Salonika;Unknown;;;442;442;;No;No;No;Unknown (1997);3;Unknown;;;;;
Salzburg;Austria;;;442;442;;No;No;No;Unknown (1997);3;Unknown;;;;;
Sampdoria;Italy;Serie A;A;442;352;;No;No;Yes;Vujadin Boskov;7;Stadio Luigi Ferraris;36685;Blue;White;White;Blue
Samsunspor;Unknown;;;442;442;;No;No;No;Unknown (1997);3;Unknown;;;;;
San Jose;Unknown;;;442;442;;No;No;No;Unknown (1997);3;Unknown;;;;;
San Lorenzo;Unknown;;;442;442;;No;No;No;Unknown (1997);3;Unknown;;;;;
Sandefjord;Norway;;;442;442;;No;No;No;Unknown (1997);3;Unknown;;;;;
Sandnessj?en;Unknown;;;442;442;;No;No;No;Unknown (1997);3;Unknown;;;;;
Sanfrecce;Unknown;;;442;442;;No;No;No;Unknown (1997);3;Unknown;;;;;
Santa Clara;Unknown;;;442;442;;No;No;No;Unknown (1997);3;Unknown;;;;;
Santa Fe;Unknown;;;442;442;;No;No;No;Unknown (1997);3;Unknown;;;;;
Santos;Unknown;;;442;442;;No;No;No;Unknown (1997);3;Unknown;;;;;
Sao Paulo;Unknown;;;442;442;;No;No;No;Unknown (1997);3;Unknown;;;;;
Saronno;Unknown;;;442;442;;No;No;No;Unknown (1997);3;Unknown;;;;;
Sarpsborg;Norway;;;442;442;;No;No;No;Unknown (1997);3;Unknown;;;;;
Savoia;Unknown;;;442;442;;No;No;No;Unknown (1997);3;Unknown;;;;;
Scarborough;England;Football League Division Three;;442;442;;No;No;No;Unknown (1997);3;Unknown;;;;;
Schalke 04;Germany;Bundesliga;;442;442;;No;No;No;Unknown (1997);7;Parkstadion;62000.0;;;;
Schoten;Unknown;;;442;442;;No;No;No;Unknown (1997);3;Unknown;;;;;
Scunthorpe;England;Football League Division Three;;442;442;;No;No;No;Unknown (1997);3;Unknown;;;;;
Sedan;Unknown;;;442;442;;No;No;No;Unknown (1997);3;Unknown;;;;;
Segesta;Unknown;;;442;442;;No;No;No;Unknown (1997);3;Unknown;;;;;
Selbak;Unknown;;;442;442;;No;No;No;Unknown (1997);3;Unknown;;;;;
Sembawang;Unknown;;;442;442;;No;No;No;Unknown (1997);3;Unknown;;;;;
Servette;Unknown;;;442;442;;No;No;No;Unknown (1997);3;Unknown;;;;;
SET Vevce;Unknown;;;442;442;;No;No;No;Unknown (1997);3;Unknown;;;;;
Sevilla;Spain;Segunda Division;;442;442;;No;No;No;Unknown (1997);5;Ramon Sanchez Pizjuan;45000.0;;;;
Shakhtyor Donetsk;Unknown;;;442;442;;No;No;No;Unknown (1997);3;Unknown;;;;;
Shangdong;Unknown;;;442;442;;No;No;No;Unknown (1997);3;Unknown;;;;;
Shanghai;Unknown;;;442;442;;No;No;No;Unknown (1997);3;Unknown;;;;;
Sheff U;England;;;442;442;;No;No;No;Unknown (1997);3;Unknown;;;;;
Sheff Utd;England;;;442;442;;No;No;No;Nigel Spackman;3;Unknown;;;;;
Sheff W;England;;;442;442;;No;No;No;Unknown (1997);3;Unknown;;;;;
Sheff Wed;England;Premier League;A;442;442;;No;No;No;Unknown (1997);8;Hillsborough;34835.0;White;Blue;Black;Black
Shimizu S-Pulse;Unknown;;;442;442;;No;No;No;Unknown (1997);3;Unknown;;;;;
Shirak Gyumri;Unknown;;;442;442;;No;No;No;Unknown (1997);3;Unknown;;;;;
Shrewsbury;England;Football League Division One;;442;442;;No;No;No;Unknown (1997);3;Unknown;;;;;
Sibenik;Unknown;;;442;442;;No;No;No;Unknown (1997);3;Unknown;;;;;
Sichuan;Unknown;;;442;442;;No;No;No;Unknown (1997);3;Unknown;;;;;
Siena;Italy;;;442;442;;No;No;No;Unknown (1997);3;Unknown;;;;;
Sigma Olomouc;Unknown;;;442;442;;No;No;No;Unknown (1997);3;Unknown;;;;;
Sileks Kratova;Unknown;;;442;442;;No;No;No;Unknown (1997);3;Unknown;;;;;
Silkeborg;Denmark;Superliga;A;442;442;;No;No;No;Unknown (1997);3;JYSK Park;10000.0;Red;White;Blue;White
Silsand;Unknown;;;442;442;;No;No;No;Unknown (1997);3;Unknown;;;;;
Sint-Niklaas;Unknown;;;442;442;;No;No;No;Unknown (1997);3;Unknown;;;;;
Sint-Truiden;Unknown;;;442;442;;No;No;No;Unknown (1997);3;Unknown;;;;;
Sion;France;;;442;442;;No;No;No;Unknown (1997);3;Unknown;;;;;
Sirius;Unknown;;;442;442;;No;No;No;Unknown (1997);3;Unknown;;;;;
SK Zilina;Unknown;;;442;442;;No;No;No;Unknown (1997);3;Unknown;;;;;
Skarb?vik;Unknown;;;442;442;;No;No;No;Unknown (1997);3;Unknown;;;;;
Skeid;Unknown;;;442;442;;No;No;No;Unknown (1997);3;Unknown;;;;;
Ski;Unknown;;;442;442;;No;No;No;Unknown (1997);3;Unknown;;;;;
Skive;Unknown;;;442;442;;No;No;No;Unknown (1997);3;Unknown;;;;;
Skjerv?y;Denmark;;;442;442;;No;No;No;Unknown (1997);3;Unknown;;;;;
Skjetten;Unknown;;;442;442;;No;No;No;Unknown (1997);3;Unknown;;;;;
Skonto Riga;Unknown;;;442;442;;No;No;No;Unknown (1997);3;Unknown;;;;;
Skovshoved;Denmark;;;442;442;;No;No;No;Unknown (1997);3;Unknown;;;;;
Slagelse;Denmark;;;442;442;;No;No;No;Unknown (1997);3;Unknown;;;;;
Slavia Sofia;Unknown;;;442;442;;No;No;No;Unknown (1997);3;Unknown;;;;;
Sliema Wanderers;Eire;;;442;442;;No;No;No;Unknown (1997);3;Unknown;;;;;
Sloga Jugomagnat;Unknown;;;442;442;;No;No;No;Unknown (1997);3;Unknown;;;;;
Slovan Bratislava;Unknown;;;442;442;;No;No;No;Unknown (1997);3;Unknown;;;;;
Slovan Liberec;Unknown;;;442;442;;No;No;No;Unknown (1997);3;Unknown;;;;;
Sochaux;France;;;442;442;;No;No;No;Unknown (1997);3;Unknown;;;;;
Sogndal;Unknown;;;442;442;;No;No;No;Unknown (1997);3;Unknown;;;;;
Sola;Unknown;;;442;442;;No;No;No;Unknown (1997);3;Unknown;;;;;
Solbiatese;Unknown;;;442;442;;No;No;No;Unknown (1997);3;Unknown;;;;;
Sora;Unknown;;;442;442;;No;No;No;Unknown (1997);3;Unknown;;;;;
Sortland;Unknown;;;442;442;;No;No;No;Unknown (1997);3;Unknown;;;;;
Southampton;England;Premier League;A;442;442;;No;No;No;Unknown (1997);8;Generic Stadium;;Red;Black;Yellow;Blue
Southend;Unknown;Football League Division Two;;442;442;;No;No;No;Unknown (1997);3;Unknown;;;;;
Spal;Unknown;;;442;442;;No;No;No;Unknown (1997);3;Unknown;;;;;
Sparta Prague;Unknown;;;442;442;;No;No;No;Unknown (1997);3;Unknown;;;;;
Sparta Rotterdam;Holland;Eredivision;A;442;433;;No;No;No;Hans van der Zee;4;Sparta-Stadion Het Kasteel;16000;Red;Black;Blue;White
Spartak Moscow;Russia;;;442;442;;No;No;No;Unknown (1997);3;Unknown;;;;;
Spartak Plovdiv;Unknown;;;442;442;;No;No;No;Unknown (1997);3;Unknown;;;;;
Spartak Trnava;Unknown;;;442;442;;No;No;No;Unknown (1997);3;Unknown;;;;;
Spartak Vladikavkaz;Unknown;;;442;442;;No;No;No;Unknown (1997);3;Unknown;;;;;
Sprvgen;Unknown;;;442;442;;No;No;No;Unknown (1997);3;Unknown;;;;;
Spezia;Italy;;;442;442;;No;No;No;Unknown (1997);3;Unknown;;;;;
Sporting B;Portugal;;;442;442;;No;No;No;Unknown (1997);3;Unknown;;;;;
Sporting Covilh?;Unknown;;;442;442;;No;No;No;Unknown (1997);3;Unknown;;;;;
Sporting Crystal;Unknown;;;442;442;;No;No;No;Unknown (1997);3;Unknown;;;;;
Sporting Gijon;Spain;La Liga;;442;442;;No;No;No;Unknown (1997);7;El Molinon;25885;Red;Blue;Blue;White
Sporting Lisbon;Portugal;;;442;442;;No;No;No;Unknown (1997);3;Unknown;;;;;
Sporting Luanda;Unknown;;;442;442;;No;No;No;Unknown (1997);3;Unknown;;;;;
Sportul Chisinau;Unknown;;;442;442;;No;No;No;Unknown (1997);3;Unknown;;;;;
Sprint-Jel?y;Unknown;;;442;442;;No;No;No;Unknown (1997);3;Unknown;;;;;
St Gallen;Unknown;;;442;442;;No;No;No;Unknown (1997);3;Unknown;;;;;
St. Denijs Westrem;Unknown;;;442;442;;No;No;No;Unknown (1997);3;Unknown;;;;;
St. Pauli;Germany;;;442;442;;No;No;No;Unknown (1997);3;Unknown;;;;;
St.Johnstone;Scotland;;;442;442;;No;No;No;Unknown (1997);3;Unknown;;;;;
St.-Lenaarts;Unknown;;;442;442;;No;No;No;Unknown (1997);3;Unknown;;;;;
St.Mirren;Scotland;;;442;442;;No;No;No;Unknown (1997);3;Unknown;;;;;
St.Polten;Unknown;;;442;442;;No;No;No;Unknown (1997);3;Unknown;;;;;
Stabk;Unknown;;;442;442;;No;No;No;Unknown (1997);3;Unknown;;;;;
Stade Leuven;Unknown;;;442;442;;No;No;No;Unknown (1997);3;Unknown;;;;;
Stlkameratene;Unknown;;;442;442;;No;No;No;Unknown (1997);3;Unknown;;;;;
Standard;Belgium;;;442;442;;No;No;No;Unknown (1997);3;Unknown;;;;;
Start;Unknown;;;442;442;;No;No;No;Unknown (1997);3;Unknown;;;;;
Steaua Bucharest;Unknown;;;442;442;;No;No;No;Unknown (1997);3;Unknown;;;;;
Steaua;Unknown;;;442;442;;No;No;No;Unknown (1997);3;Unknown;;;;;
Steinkjer;Unknown;;;442;442;;No;No;No;Unknown (1997);3;Unknown;;;;;
Stenhousemuir;Unknown;;;442;442;;No;No;No;Unknown (1997);3;Unknown;;;;;
Stenungsund;Unknown;;;442;442;;No;No;No;Unknown (1997);3;Unknown;;;;;
Stevenage;Unknown;;;442;442;;No;No;No;Unknown (1997);3;Unknown;;;;;
Stirling;Scotland;;;442;442;;No;No;No;Unknown (1997);3;Unknown;;;;;
Stj?rdals-Blink;Unknown;;;442;442;;No;No;No;Unknown (1997);3;Unknown;;;;;
Stockport;England;Football League Division One;;442;442;;No;No;No;Dave Jones;3;Unknown;;;;;
Stoke City;England;Football League Division One;;442;442;;No;No;No;Unknown (1997);3;Unknown;;;;;
Stoke;England;Football League Division One;;442;442;;No;No;No;Unknown (1997);3;Unknown;;;;;
Stord;Unknown;;;442;442;;No;No;No;Unknown (1997);3;Unknown;;;;;
Storm;Unknown;;;442;442;;No;No;No;Unknown (1997);3;Unknown;;;;;
Stranraer;Unknown;;;442;442;;No;No;No;Unknown (1997);3;Unknown;;;;;
Strasbourg;Unknown;;;442;442;;No;No;No;Unknown (1997);3;Unknown;;;;;
Strindheim;Unknown;;;442;442;;No;No;No;Unknown (1997);3;Unknown;;;;;
Strombeek;Unknown;;;442;442;;No;No;No;Unknown (1997);3;Unknown;;;;;
Str?mmen;Unknown;;;442;442;;No;No;No;Unknown (1997);3;Unknown;;;;;
Str?msgodset;Norway;;;442;442;;No;No;No;Unknown (1997);3;Unknown;;;;;
Stryn;Unknown;;;442;442;;No;No;No;Unknown (1997);3;Unknown;;;;;
Sturm Graz;Unknown;;;442;442;;No;No;No;Unknown (1997);3;Unknown;;;;;
Stuttgart Kickers;Germany;Bundesliga;;442;442;;No;No;No;Unknown (1997);7;Generic Stadium;;;;;
Sunderland;England;Football League Division One;;442;442;;No;No;No;Peter Reid;3;Stadium of Light;42000.0;;;;
Sundsvall;Unknown;;;442;442;;No;No;No;Unknown (1997);3;Unknown;;;;;
Supersport United;Unknown;;;442;442;;No;No;No;Unknown (1997);3;Unknown;;;;;
Svendborg;Denmark;;;442;442;;No;No;No;Unknown (1997);3;Unknown;;;;;
Swansea;England;Football League Division Three;;442;442;;No;No;No;Unknown (1997);3;Unknown;;;;;
Swindon;England;Football League Division One;;442;442;;No;No;No;Unknown (1997);3;Unknown;;;;;
Taifa;Unknown;;;442;442;;No;No;No;Unknown (1997);3;Unknown;;;;;
Tampa;Unknown;;;442;442;;No;No;No;Unknown (1997);3;Unknown;;;;;
Tampines;Unknown;;;442;442;;No;No;No;Unknown (1997);3;Unknown;;;;;
Tatran Presov;Unknown;;;442;442;;No;No;No;Unknown (1997);3;Unknown;;;;;
TB;Unknown;;;442;442;;No;No;No;Unknown (1997);3;Unknown;;;;;
Telstar;Unknown;;;442;442;;No;No;No;Unknown (1997);3;Unknown;;;;;
Temp;Unknown;;;442;442;;No;No;No;Unknown (1997);3;Unknown;;;;;
Tenerife;Spain;La Liga;;442;442;;No;No;No;Unknown (1997);7;Heliodoro Rodriguez Lopez;22824;White;Blue;Blue;White
Ternana;Unknown;;;442;442;;No;No;No;Unknown (1997);3;Unknown;;;;;
Terrassa;Unknown;;;442;442;;No;No;No;Unknown (1997);3;Unknown;;;;;
Teuta Durres;Unknown;;;442;442;;No;No;No;Unknown (1997);3;Unknown;;;;;
Thai Farmers;Unknown;;;442;442;;No;No;No;Unknown (1997);3;Unknown;;;;;
The Strongest;Unknown;;;442;442;;No;No;No;Unknown (1997);3;Unknown;;;;;
Thouars;Unknown;;;442;442;;No;No;No;Unknown (1997);3;Unknown;;;;;
Tianjin;Unknown;;;442;442;;No;No;No;Unknown (1997);3;Unknown;;;;;
Tielen;Unknown;;;442;442;;No;No;No;Unknown (1997);3;Unknown;;;;;
Tiligul Tiraspol;Unknown;;;442;442;;No;No;No;Unknown (1997);3;Unknown;;;;;
Tiong Bahru;Unknown;;;442;442;;No;No;No;Unknown (1997);3;Unknown;;;;;
Tirsense;Unknown;;;442;442;;No;No;No;Unknown (1997);3;Unknown;;;;;
Toledo;Spain;Segunda Division;;442;442;;No;No;No;Unknown (1997);5;Generic Stadium;;;;;
Tollnes;Unknown;;;442;442;;No;No;No;Unknown (1997);3;Unknown;;;;;
Tongeren;Unknown;;;442;442;;No;No;No;Unknown (1997);3;Unknown;;;;;
TOP Oss;Unknown;;;442;442;;No;No;No;Unknown (1997);3;Unknown;;;;;
Torino;Unknown;;;442;442;;No;No;No;Unknown (1997);3;Stadio delle Alpi;69000.0;;;;
Torquay;England;Football League Division Three;;442;442;;No;No;No;Unknown (1997);3;Unknown;;;;;
Torreense;Unknown;;;442;442;;No;No;No;Unknown (1997);3;Unknown;;;;;
Torres Novas;Unknown;;;442;442;;No;No;No;Unknown (1997);3;Unknown;;;;;
Torres;Unknown;;;442;442;;No;No;No;Unknown (1997);3;Unknown;;;;;
Tottenham;England;Premier League;A;442;442;;No;No;No;Christian Gross;8;White Hart Lane;36240.0;White;Blue;Yellow;Navy
Toulon;Unknown;;;442;442;;No;No;No;Unknown (1997);3;Unknown;;;;;
Toulouse;France;;;442;442;;No;No;No;Unknown (1997);3;Unknown;;;;;
Tours;Unknown;;;442;442;;No;No;No;Unknown (1997);3;Unknown;;;;;
TPS Turku;Unknown;;;442;442;;No;No;No;Unknown (1997);3;Unknown;;;;;
Trabzonspor;Turkey;;;442;442;;No;No;No;Unknown (1997);3;Unknown;;;;;
Trff;Unknown;;;442;442;;No;No;No;Unknown (1997);3;Unknown;;;;;
Tranmere;England;Football League Division One;;442;442;;No;No;No;John Aldridge;3;Unknown;;;;;
Trapani;Unknown;;;442;442;;No;No;No;Unknown (1997);3;Unknown;;;;;
Trelleborg;Sweden;;;442;442;;No;No;No;Unknown (1997);3;Unknown;;;;;
Treviso;Unknown;;;442;442;;No;No;No;Unknown (1997);3;Unknown;;;;;
Trofense;Unknown;;;442;442;;No;No;No;Unknown (1997);3;Unknown;;;;;
Tromsdalen;Norway;;;442;442;;No;No;No;Unknown (1997);3;Unknown;;;;;
Troms?;Unknown;;;442;442;;No;No;No;Unknown (1997);3;Unknown;;;;;
Troyes;Unknown;;;442;442;;No;No;No;Unknown (1997);3;Unknown;;;;;
Tubantia;Unknown;;;442;442;;No;No;No;Unknown (1997);3;Unknown;;;;;
Tubeke;Unknown;;;442;442;;No;No;No;Unknown (1997);3;Unknown;;;;;
Tulua;Unknown;;;442;442;;No;No;No;Unknown (1997);3;Unknown;;;;;
Turan;Unknown;;;442;442;;No;No;No;Unknown (1997);3;Unknown;;;;;
Turnhout;Unknown;;;442;442;;No;No;No;Unknown (1997);3;Unknown;;;;;
Turris;Unknown;;;442;442;;No;No;No;Unknown (1997);3;Unknown;;;;;
Twente;Holland;Eredivision;A;442;433;;No;No;Yes;Hans Meyer;2;Het Diekman / Arke Stadion;13500;Red;White;White;Red
U.N.A.M.;Unknown;;;442;442;;No;No;No;Unknown (1997);3;Unknown;;;;;
Udinese;Italy;Serie A;A;442;433;;No;Yes;No;Alberto Zaccheroni;7;Stadio Friuli;30642;White;Black;Orange;Black
Uerdingen;Germany;2. Bundesliga;;442;442;;No;No;No;Unknown (1997);7;Generic Stadium;;;;;
Ujpesti TE;Unknown;;;442;442;;No;No;No;Unknown (1997);3;Unknown;;;;;
Ullern;Unknown;;;442;442;;No;No;No;Unknown (1997);3;Unknown;;;;;
Ulm;Unknown;;;442;442;;No;No;No;Unknown (1997);3;Unknown;;;;;
Ume;Unknown;;;442;442;;No;No;No;Unknown (1997);3;Unknown;;;;;
Uni?o de Lamas;Unknown;;;442;442;;No;No;No;Unknown (1997);3;Unknown;;;;;
Uni?o;Unknown;;;442;442;;No;No;No;Unknown (1997);3;Unknown;;;;;
Union Cheb;Unknown;;;442;442;;No;No;No;Unknown (1997);3;Unknown;;;;;
Union;Unknown;;;442;442;;No;No;No;Unknown (1997);3;Unknown;;;;;
Univ. Cluj;Unknown;;;442;442;;No;No;No;Unknown (1997);3;Unknown;;;;;
Univ. Craiova;Unknown;;;442;442;;No;No;No;Unknown (1997);3;Unknown;;;;;
Univ.Catolica;Unknown;;;442;442;;No;No;No;Unknown (1997);3;Unknown;;;;;
Univ.de Chile;Unknown;;;442;442;;No;No;No;Unknown (1997);3;Unknown;;;;;
Universitario;Unknown;;;442;442;;No;No;No;Unknown (1997);3;Unknown;;;;;
Unterhaching;Germany;2. Bundesliga;;442;442;;No;No;No;Unknown (1997);7;Generic Stadium;;;;;
Urawa Reds;Unknown;;;442;442;;No;No;No;Unknown (1997);3;Unknown;;;;;
UTE - Novabau;Unknown;;;442;442;;No;No;No;Unknown (1997);3;Unknown;;;;;
FC Utrecht;Holland;Eredivision;A;442;433;;No;No;No;Jan Wouters;3;Galgenwaard;23000;Red;White;Blue;White
Vac FC;Unknown;;;442;442;;No;No;No;Unknown (1997);3;Unknown;;;;;
Valence;Unknown;;;442;442;;No;No;No;Unknown (1997);3;Unknown;;;;;
Valencia B;Spain;;B;442;442;;No;No;No;Unknown (1997);7;Generic Stadium;;;;;
Valencia;Spain;La Liga;;442;442;;No;No;No;Unknown (1997);7;Mestalla;55000;White;Black;Navy;Navy
Vlerenga;Unknown;;;442;442;;No;No;No;Unknown (1997);3;Unknown;;;;;
Valladolid;Spain;La Liga;;442;442;;No;No;No;Unknown (1997);7;Jose Zorrilla;27846;Purple;White;Purple;Black
Valletta;Unknown;;;442;442;;No;No;No;Unknown (1997);3;Unknown;;;;;
Vanspor;Unknown;;;442;442;;No;No;No;Unknown (1997);3;Unknown;;;;;
Vardar Skopje;Unknown;;;442;442;;No;No;No;Unknown (1997);3;Unknown;;;;;
Vard-Haugesund;Unknown;;;442;442;;No;No;No;Unknown (1997);3;Unknown;;;;;
Varteks Varazdin;Unknown;;;442;442;;No;No;No;Unknown (1997);3;Unknown;;;;;
Varzim;Unknown;;;442;442;;No;No;No;Unknown (1997);3;Unknown;;;;;
Vasalund;Unknown;;;442;442;;No;No;No;Unknown (1997);3;Unknown;;;;;
Vasas;Unknown;;;442;442;;No;No;No;Unknown (1997);3;Unknown;;;;;
Vasco da Gama;Unknown;;;442;442;;No;No;No;Unknown (1997);3;Unknown;;;;;
Vsters;Unknown;;;442;442;;No;No;No;Unknown (1997);3;Unknown;;;;;
Vstra Frlunda;Unknown;;;442;442;;No;No;No;Unknown (1997);3;Unknown;;;;;
Vedavg;Unknown;;;442;442;;No;No;No;Unknown (1997);3;Unknown;;;;;
Veendam;Holland;;;442;442;;No;No;No;Unknown (1997);3;Unknown;;;;;
Vejen;Unknown;;;442;442;;No;No;No;Unknown (1997);3;Unknown;;;;;
Vejle;Denmark;Superliga;A;442;442;;No;No;No;Unknown (1997);3;Vejle Stadion;10418.0;Red;White;Blue;White
Velez Sarsfield;Unknown;;;442;442;;No;No;No;Unknown (1997);3;Unknown;;;;;
Venezia;Italy;;;442;442;;No;No;No;Unknown (1997);3;Unknown;;;;;
Verdal;Unknown;;;442;442;;No;No;No;Unknown (1997);3;Unknown;;;;;
Verdy Kawasaki;Unknown;;;442;442;;No;No;No;Unknown (1997);3;Unknown;;;;;
Veroia;Unknown;;;442;442;;No;No;No;Unknown (1997);3;Unknown;;;;;
Verona;Unknown;;;442;442;;No;No;No;Unknown (1997);3;Unknown;;;;;
VfB Stuttgart;Germany;Bundesliga;;442;442;;No;No;No;Unknown (1997);7;Generic Stadium;;;;;
VfL Wolfsburg;Germany;Bundesliga;;442;442;;No;No;No;Unknown (1997);7;Generic Stadium;;;;;
Viborg;Denmark;Superliga;A;442;442;;No;No;No;Unknown (1997);3;Viborg Stadion;9566.0;Green;White;White;Green
Vicenza;Italy;Serie A;A;442;442;;No;No;No;Francesco Guidolin;5;Stadio Romeo Menti;17163;Red;White;Blue;White
Vidar;Unknown;;;442;442;;No;No;No;Unknown (1997);3;Unknown;;;;;
Videoton;Unknown;;;442;442;;No;No;No;Unknown (1997);3;Unknown;;;;;
Vidus Riga;Unknown;;;442;442;;No;No;No;Unknown (1997);3;Unknown;;;;;
Vig?r;Unknown;;;442;442;;No;No;No;Unknown (1997);3;Unknown;;;;;
Viking;Norway;;;442;442;;No;No;No;Unknown (1997);3;Unknown;;;;;
Vilafranquense;Unknown;;;442;442;;No;No;No;Unknown (1997);3;Unknown;;;;;
Villarreal;Spain;Segunda Division;;442;442;;No;No;No;Unknown (1997);5;Generic Stadium;;;;;
Visby;Unknown;;;442;442;;No;No;No;Unknown (1997);3;Unknown;;;;;
Viseu;Unknown;;;442;442;;No;No;No;Unknown (1997);3;Unknown;;;;;
Vissel Kobe;Japan;;;442;442;;No;No;No;Unknown (1997);3;Unknown;;;;;
Vit. Guimar?es;Unknown;;;442;442;;No;No;No;Unknown (1997);3;Unknown;;;;;
Vit. Setbal;Unknown;;;442;442;;No;No;No;Unknown (1997);3;Unknown;;;;;
Vitesse;Holland;Eredivision;A;442;433;;No;Yes;No;Henk ten Cate;5;Nieuw-Monnikenhuize / GelreDome;25000;Yellow;Black;White;Black
Vitria Guimar?es;Unknown;;;442;442;;No;No;No;Unknown (1997);3;Unknown;;;;;
Vitria Setbal;Unknown;;;442;442;;No;No;No;Unknown (1997);3;Unknown;;;;;
Vitoria;Unknown;;;442;442;;No;No;No;Unknown (1997);3;Unknown;;;;;
Vlimmeren;Unknown;;;442;442;;No;No;No;Unknown (1997);3;Unknown;;;;;
Vllaznia Shkoder;Unknown;;;442;442;;No;No;No;Unknown (1997);3;Unknown;;;;;
Volendam;Holland;Eredivision;A;442;532;;No;No;No;Dick de Boer;3;Volendam Stadion;15000;Orange;Black;White;Blue
VVV;Unknown;;;442;442;;No;No;No;Unknown (1997);3;Unknown;;;;;
W.B.A.;England;;;442;442;;No;No;No;Unknown (1997);3;Unknown;;;;;
Wacker Moedling;Unknown;;;442;442;;No;No;No;Unknown (1997);3;Unknown;;;;;
Walsall;England;Football League Division Two;;442;442;;No;No;No;Unknown (1997);3;Unknown;;;;;
Wanderers;Unknown;;;442;442;;No;No;No;Unknown (1997);3;Unknown;;;;;
Waregem;Unknown;;;442;442;;No;No;No;Unknown (1997);3;Unknown;;;;;
Wasquehal;Unknown;;;442;442;;No;No;No;Unknown (1997);3;Unknown;;;;;
Watford;England;Football League Division Two;;442;442;;No;No;No;Unknown (1997);3;Unknown;;;;;
Wattenscheid;Germany;2. Bundesliga;;442;442;;No;No;No;Unknown (1997);7;Generic Stadium;;;;;
Waver;Unknown;;;442;442;;No;No;No;Unknown (1997);3;Unknown;;;;;
Wavria;Unknown;;;442;442;;No;No;No;Unknown (1997);3;Unknown;;;;;
Weelde;Unknown;;;442;442;;No;No;No;Unknown (1997);3;Unknown;;;;;
Wellen;Unknown;;;442;442;;No;No;No;Unknown (1997);3;Unknown;;;;;
Werder Bremen;Germany;Bundesliga;;442;442;;No;No;No;Unknown (1997);7;Generic Stadium;;;;;
West Ham;England;Premier League;A;442;442;;No;No;No;Unknown (1997);8;Upton Park;26000.0;Claret;Light Blue;White;Navy
Westerlo;Belgium;;;442;442;;No;No;No;Unknown (1997);3;Unknown;;;;;
Wetteren;Unknown;;;442;442;;No;No;No;Unknown (1997);3;Unknown;;;;;
Wezel Sport;Unknown;;;442;442;;No;No;No;Unknown (1997);3;Unknown;;;;;
Wezel;Unknown;;;442;442;;No;No;No;Unknown (1997);3;Unknown;;;;;
Widzew Lodz;Unknown;;;442;442;;No;No;No;Unknown (1997);3;Unknown;;;;;
Wigan;England;Football League Division Two;;442;442;;No;No;No;Unknown (1997);3;Unknown;;;;;
Willem II;Holland;Eredivision;A;442;433;;No;Yes;No;Co Adriaanse;3;Willem II Stadion;14700;Red;White;White;Blue
Wimbledon;England;Premier League;A;442;442;;No;No;No;Unknown (1997);8;Generic Stadium;;Blue;Blue;Yellow;Blue
Witgoor;Unknown;;;442;442;;No;No;No;Unknown (1997);3;Unknown;;;;;
Woking;Unknown;;;442;442;;No;No;No;Unknown (1997);3;Unknown;;;;;
Wolves;England;Football League Division One;;442;442;;No;No;No;Mark McGhee;3;Unknown;;;;;
Woodlands;Unknown;;;442;442;;No;No;No;Unknown (1997);3;Unknown;;;;;
Wrexham;England;Football League Division Two;;442;442;;No;No;No;Unknown (1997);3;Unknown;;;;;
Wycombe;England;Football League Division Two;;442;442;;No;No;No;Unknown (1997);3;Unknown;;;;;
Xerez;Spain;Segunda Division;;442;442;;No;No;No;Unknown (1997);5;Generic Stadium;;;;;
Yeovil;England;;;442;442;;No;No;No;Unknown (1997);3;Unknown;;;;;
Yokohama Flugels;Unknown;;;442;442;;No;No;No;Unknown (1997);3;Unknown;;;;;
Yokohama Marinos;Unknown;;;442;442;;No;No;No;Unknown (1997);3;Unknown;;;;;
York;England;Football League Division Two;;442;442;;No;No;No;Unknown (1997);3;Unknown;;;;;
Young Boys Bern;Unknown;;;442;442;;No;No;No;Unknown (1997);3;Unknown;;;;;
Yugoslavia;Unknown;;;442;442;;No;No;No;Unknown (1997);3;Unknown;;;;;
Zalgiris Vilnius;Unknown;;;442;442;;No;No;No;Unknown (1997);3;Unknown;;;;;
Zamora;Unknown;;;442;442;;No;No;No;Unknown (1997);3;Unknown;;;;;
Zaragoza;Spain;La Liga;;442;442;;No;No;No;Unknown (1997);7;La Romareda;34596;White;Blue;Blue;White
Zenit;Unknown;;;442;442;;No;No;No;Unknown (1997);3;Unknown;;;;;
Zeytinburnu;Unknown;;;442;442;;No;No;No;Unknown (1997);3;Unknown;;;;;
Zhemchuzhina Sochi;Unknown;;;442;442;;No;No;No;Unknown (1997);3;Unknown;;;;;
Zimbru Chisinau;Unknown;;;442;442;;No;No;No;Unknown (1997);3;Unknown;;;;;
Zivila Naklo;Unknown;;;442;442;;No;No;No;Unknown (1997);3;Unknown;;;;;
Zultse;Unknown;;;442;442;;No;No;No;Unknown (1997);3;Unknown;;;;;
Zwarte Leeuw;Unknown;;;442;442;;No;No;No;Unknown (1997);3;Unknown;;;;;
Zwickau;Germany;2. Bundesliga;;442;442;;No;No;No;Unknown (1997);7;Generic Stadium;;;;;
Zwolle;Holland;;;442;442;;No;No;No;Unknown (1997);3;Unknown;;;;;
